Name,Height,Weight,Base Exp.,Abilities
ABOMASNOW,22,1355,173,"SNOW-WARNING,SOUNDPROOF"
ABOMASNOW-MEGA,27,1850,208,SNOW-WARNING
ABRA,9,195,62,"SYNCHRONIZE,INNER-FOCUS,MAGIC-GUARD"
ABSOL,12,470,163,"PRESSURE,SUPER-LUCK,JUSTIFIED"
ABSOL-MEGA,12,490,198,MAGIC-BOUNCE
ACCELGOR,8,253,173,"HYDRATION,STICKY-HOLD,UNBURDEN"
AEGISLASH-BLADE,17,530,250,STANCE-CHANGE
AEGISLASH-SHIELD,17,530,250,STANCE-CHANGE
AERODACTYL,18,590,180,"ROCK-HEAD,PRESSURE,UNNERVE"
AERODACTYL-MEGA,21,790,215,TOUGH-CLAWS
AGGRON,21,3600,265,"STURDY,ROCK-HEAD,HEAVY-METAL"
AGGRON-MEGA,22,3950,284,FILTER
AIPOM,8,115,72,"RUN-AWAY,PICKUP,SKILL-LINK"
ALAKAZAM,15,480,250,"SYNCHRONIZE,INNER-FOCUS,MAGIC-GUARD"
ALAKAZAM-MEGA,12,480,270,TRACE
ALCREMIE,3,5,173,"SWEET-VEIL,AROMA-VEIL"
ALCREMIE-GMAX,300,10000,173,"SWEET-VEIL,AROMA-VEIL"
ALOMOMOLA,12,316,165,"HEALER,HYDRATION,REGENERATOR"
ALTARIA,11,206,172,"NATURAL-CURE,CLOUD-NINE"
ALTARIA-MEGA,15,206,207,PIXILATE
AMAURA,13,252,72,"REFRIGERATE,SNOW-WARNING"
AMBIPOM,12,203,169,"TECHNICIAN,PICKUP,SKILL-LINK"
AMOONGUSS,6,105,162,"EFFECT-SPORE,REGENERATOR"
AMPHAROS,14,615,230,"STATIC,PLUS"
AMPHAROS-MEGA,14,615,275,MOLD-BREAKER
ANNIHILAPE,12,560,268,"VITAL-SPIRIT,INNER-FOCUS,DEFIANT"
ANORITH,7,125,71,"BATTLE-ARMOR,SWIFT-SWIM"
APPLETUN,4,130,170,"RIPEN,GLUTTONY,THICK-FAT"
APPLETUN-GMAX,240,10000,170,"RIPEN,GLUTTONY,THICK-FAT"
APPLIN,2,5,52,"RIPEN,GLUTTONY,BULLETPROOF"
ARAQUANID,18,820,159,"WATER-BUBBLE,WATER-ABSORB"
ARAQUANID-TOTEM,31,2175,159,"WATER-BUBBLE,WATER-ABSORB"
ARBOK,35,650,157,"INTIMIDATE,SHED-SKIN,UNNERVE"
ARBOLIVA,14,482,255,"SEED-SOWER,HARVEST"
ARCANINE,19,1550,194,"INTIMIDATE,FLASH-FIRE,JUSTIFIED"
ARCANINE-HISUI,20,1680,,"INTIMIDATE,FLASH-FIRE,ROCK-HEAD"
ARCEUS,32,3200,324,MULTITYPE
ARCHALUDON,20,600,300,"STAMINA,STURDY,STALWART"
ARCHEN,5,95,71,DEFEATIST
ARCHEOPS,14,320,177,DEFEATIST
ARCTIBAX,8,300,148,"THERMAL-EXCHANGE,ICE-BODY"
ARCTOVISH,20,1750,177,"WATER-ABSORB,ICE-BODY,SLUSH-RUSH"
ARCTOZOLT,23,1500,177,"VOLT-ABSORB,STATIC,SLUSH-RUSH"
ARIADOS,11,335,140,"SWARM,INSOMNIA,SNIPER"
ARMALDO,15,682,173,"BATTLE-ARMOR,SWIFT-SWIM"
ARMAROUGE,15,850,263,"FLASH-FIRE,WEAK-ARMOR"
AROMATISSE,8,155,162,"HEALER,AROMA-VEIL"
ARON,4,600,66,"STURDY,ROCK-HEAD,HEAVY-METAL"
ARROKUDA,5,10,56,"SWIFT-SWIM,PROPELLER-TAIL"
ARTICUNO,17,554,290,"PRESSURE,SNOW-CLOAK"
ARTICUNO-GALAR,17,509,290,COMPETITIVE
AUDINO,11,310,390,"HEALER,REGENERATOR,KLUTZ"
AUDINO-MEGA,15,320,425,HEALER
AURORUS,27,2250,104,"REFRIGERATE,SNOW-WARNING"
AVALUGG,20,5050,180,"OWN-TEMPO,ICE-BODY,STURDY"
AVALUGG-HISUI,14,2624,,"STRONG-JAW,ICE-BODY,STURDY"
AXEW,6,180,64,"RIVALRY,MOLD-BREAKER,UNNERVE"
AZELF,3,3,290,LEVITATE
AZUMARILL,8,285,210,"THICK-FAT,HUGE-POWER,SAP-SIPPER"
AZURILL,2,20,38,"THICK-FAT,HUGE-POWER,SAP-SIPPER"
BAGON,6,421,60,"ROCK-HEAD,SHEER-FORCE"
BALTOY,5,215,60,LEVITATE
BANETTE,11,125,159,"INSOMNIA,FRISK,CURSED-BODY"
BANETTE-MEGA,12,130,194,PRANKSTER
BARBARACLE,13,960,175,"TOUGH-CLAWS,SNIPER,PICKPOCKET"
BARBOACH,4,19,58,"OBLIVIOUS,ANTICIPATION,HYDRATION"
BARRASKEWDA,13,300,172,"SWIFT-SWIM,PROPELLER-TAIL"
BASCULEGION-FEMALE,30,1100,,"SWIFT-SWIM,ADAPTABILITY,MOLD-BREAKER"
BASCULEGION-MALE,30,1100,265,"SWIFT-SWIM,ADAPTABILITY,MOLD-BREAKER"
BASCULIN-BLUE-STRIPED,10,180,161,"ROCK-HEAD,ADAPTABILITY,MOLD-BREAKER"
BASCULIN-RED-STRIPED,10,180,161,"RECKLESS,ADAPTABILITY,MOLD-BREAKER"
BASCULIN-WHITE-STRIPED,10,180,,"RATTLED,ADAPTABILITY,MOLD-BREAKER"
BASTIODON,13,1495,173,"STURDY,SOUNDPROOF"
BAXCALIBUR,21,2100,300,"THERMAL-EXCHANGE,ICE-BODY"
BAYLEEF,12,158,142,"OVERGROW,LEAF-GUARD"
BEARTIC,26,2600,177,"SNOW-CLOAK,SLUSH-RUSH,SWIFT-SWIM"
BEAUTIFLY,10,284,178,"SWARM,RIVALRY"
BEEDRILL,10,295,178,"SWARM,SNIPER"
BEEDRILL-MEGA,14,405,223,ADAPTABILITY
BEHEEYEM,10,345,170,"TELEPATHY,SYNCHRONIZE,ANALYTIC"
BELDUM,6,952,60,"CLEAR-BODY,LIGHT-METAL"
BELLIBOLT,12,1130,173,"ELECTROMORPHOSIS,STATIC,DAMP"
BELLOSSOM,4,58,245,"CHLOROPHYLL,HEALER"
BELLSPROUT,7,40,60,"CHLOROPHYLL,GLUTTONY"
BERGMITE,10,995,61,"OWN-TEMPO,ICE-BODY,STURDY"
BEWEAR,21,1350,175,"FLUFFY,KLUTZ,UNNERVE"
BIBAREL,10,315,144,"SIMPLE,UNAWARE,MOODY"
BIDOOF,5,200,50,"SIMPLE,UNAWARE,MOODY"
BINACLE,5,310,61,"TOUGH-CLAWS,SNIPER,PICKPOCKET"
BISHARP,16,700,172,"DEFIANT,INNER-FOCUS,PRESSURE"
BLACEPHALON,18,130,285,BEAST-BOOST
BLASTOISE,16,855,265,"TORRENT,RAIN-DISH"
BLASTOISE-GMAX,250,10000,239,"TORRENT,RAIN-DISH"
BLASTOISE-MEGA,16,1011,284,MEGA-LAUNCHER
BLAZIKEN,19,520,265,"BLAZE,SPEED-BOOST"
BLAZIKEN-MEGA,19,520,284,SPEED-BOOST
BLIPBUG,4,80,36,"SWARM,COMPOUND-EYES,TELEPATHY"
BLISSEY,15,468,635,"NATURAL-CURE,SERENE-GRACE,HEALER"
BLITZLE,8,298,59,"LIGHTNING-ROD,MOTOR-DRIVE,SAP-SIPPER"
BOLDORE,9,1020,137,"STURDY,WEAK-ARMOR,SAND-FORCE"
BOLTUND,10,340,172,"STRONG-JAW,COMPETITIVE"
BOMBIRDIER,15,429,243,"BIG-PECKS,KEEN-EYE,ROCKY-PAYLOAD"
BONSLY,5,150,58,"STURDY,ROCK-HEAD,RATTLED"
BOUFFALANT,16,946,172,"RECKLESS,SAP-SIPPER,SOUNDPROOF"
BOUNSWEET,3,32,42,"LEAF-GUARD,OBLIVIOUS,SWEET-VEIL"
BRAIXEN,10,145,143,"BLAZE,MAGICIAN"
BRAMBLEGHAST,12,60,168,"WIND-RIDER,INFILTRATOR"
BRAMBLIN,6,6,55,"WIND-RIDER,INFILTRATOR"
BRAVIARY,15,410,179,"KEEN-EYE,SHEER-FORCE,DEFIANT"
BRAVIARY-HISUI,17,434,,"KEEN-EYE,SHEER-FORCE,TINTED-LENS"
BRELOOM,12,392,161,"EFFECT-SPORE,POISON-HEAL,TECHNICIAN"
BRIONNE,6,175,147,"TORRENT,LIQUID-VOICE"
BRONZONG,13,1870,175,"LEVITATE,HEATPROOF,HEAVY-METAL"
BRONZOR,5,605,60,"LEVITATE,HEATPROOF,HEAVY-METAL"
BRUTE-BONNET,12,210,285,"PROTOSYNTHESIS,PROTOSYNTHESIS"
BRUXISH,9,190,166,"DAZZLING,STRONG-JAW,WONDER-SKIN"
BUDEW,2,12,56,"NATURAL-CURE,POISON-POINT,LEAF-GUARD"
BUIZEL,7,295,66,"SWIFT-SWIM,WATER-VEIL"
BULBASAUR,7,69,64,"OVERGROW,CHLOROPHYLL"
BUNEARY,4,55,70,"RUN-AWAY,KLUTZ,LIMBER"
BUNNELBY,4,50,47,"PICKUP,CHEEK-POUCH,HUGE-POWER"
BURMY,2,34,45,"SHED-SKIN,OVERCOAT"
BUTTERFREE,11,320,198,"COMPOUND-EYES,TINTED-LENS"
BUTTERFREE-GMAX,170,10000,178,"COMPOUND-EYES,TINTED-LENS"
BUZZWOLE,24,3336,285,BEAST-BOOST
CACNEA,4,513,67,"SAND-VEIL,WATER-ABSORB"
CACTURNE,13,774,166,"SAND-VEIL,WATER-ABSORB"
CALYREX,11,77,250,UNNERVE
CALYREX-ICE,24,8091,340,AS-ONE-GLASTRIER
CALYREX-SHADOW,24,536,340,AS-ONE-SPECTRIER
CAMERUPT,19,2200,161,"MAGMA-ARMOR,SOLID-ROCK,ANGER-POINT"
CAMERUPT-MEGA,25,3205,196,SHEER-FORCE
CAPSAKID,3,30,61,"CHLOROPHYLL,INSOMNIA,KLUTZ"
CARBINK,3,57,100,"CLEAR-BODY,STURDY"
CARKOL,11,780,144,"STEAM-ENGINE,FLAME-BODY,FLASH-FIRE"
CARNIVINE,14,270,159,LEVITATE
CARRACOSTA,12,810,173,"SOLID-ROCK,STURDY,SWIFT-SWIM"
CARVANHA,8,208,61,"ROUGH-SKIN,SPEED-BOOST"
CASCOON,7,115,72,SHED-SKIN
CASTFORM,3,8,147,FORECAST
CASTFORM-RAINY,3,8,147,FORECAST
CASTFORM-SNOWY,3,8,147,FORECAST
CASTFORM-SUNNY,3,8,147,FORECAST
CATERPIE,3,29,39,"SHIELD-DUST,RUN-AWAY"
CELEBI,6,50,300,NATURAL-CURE
CELESTEELA,92,9999,285,BEAST-BOOST
CENTISKORCH,30,1200,184,"FLASH-FIRE,WHITE-SMOKE,FLAME-BODY"
CENTISKORCH-GMAX,750,10000,184,"FLASH-FIRE,WHITE-SMOKE,FLAME-BODY"
CERULEDGE,16,620,263,"FLASH-FIRE,WEAK-ARMOR"
CETITAN,45,7000,182,"THICK-FAT,SLUSH-RUSH,SHEER-FORCE"
CETODDLE,12,450,67,"THICK-FAT,SNOW-CLOAK,SHEER-FORCE"
CHANDELURE,10,343,260,"FLASH-FIRE,FLAME-BODY,INFILTRATOR"
CHANSEY,11,346,395,"NATURAL-CURE,SERENE-GRACE,HEALER"
CHARCADET,6,105,51,"FLASH-FIRE,FLAME-BODY"
CHARIZARD,17,905,267,"BLAZE,SOLAR-POWER"
CHARIZARD-GMAX,280,10000,240,"BLAZE,SOLAR-POWER"
CHARIZARD-MEGA-X,17,1105,285,TOUGH-CLAWS
CHARIZARD-MEGA-Y,17,1005,285,DROUGHT
CHARJABUG,5,105,140,BATTERY
CHARMANDER,6,85,62,"BLAZE,SOLAR-POWER"
CHARMELEON,11,190,142,"BLAZE,SOLAR-POWER"
CHATOT,5,19,144,"KEEN-EYE,TANGLED-FEET,BIG-PECKS"
CHERRIM,5,93,158,FLOWER-GIFT
CHERUBI,4,33,55,CHLOROPHYLL
CHESNAUGHT,16,900,239,"OVERGROW,BULLETPROOF"
CHESPIN,4,90,63,"OVERGROW,BULLETPROOF"
CHEWTLE,3,85,57,"STRONG-JAW,SHELL-ARMOR,SWIFT-SWIM"
CHI-YU,4,49,285,"BEADS-OF-RUIN,BEADS-OF-RUIN"
CHIEN-PAO,19,1522,285,"SWORD-OF-RUIN,SWORD-OF-RUIN"
CHIKORITA,9,64,64,"OVERGROW,LEAF-GUARD"
CHIMCHAR,5,62,62,"BLAZE,IRON-FIST"
CHIMECHO,6,10,159,LEVITATE
CHINCHOU,5,120,66,"VOLT-ABSORB,ILLUMINATE,WATER-ABSORB"
CHINGLING,2,6,57,LEVITATE
CINCCINO,5,75,165,"CUTE-CHARM,TECHNICIAN,SKILL-LINK"
CINDERACE,14,330,265,"BLAZE,LIBERO"
CINDERACE-GMAX,270,10000,265,"BLAZE,LIBERO"
CLAMPERL,4,525,69,"SHELL-ARMOR,RATTLED"
CLAUNCHER,5,83,66,MEGA-LAUNCHER
CLAWITZER,13,353,100,MEGA-LAUNCHER
CLAYDOL,15,1080,175,LEVITATE
CLEFABLE,13,400,242,"CUTE-CHARM,MAGIC-GUARD,UNAWARE"
CLEFAIRY,6,75,113,"CUTE-CHARM,MAGIC-GUARD,FRIEND-GUARD"
CLEFFA,3,30,44,"CUTE-CHARM,MAGIC-GUARD,FRIEND-GUARD"
CLOBBOPUS,6,40,62,"LIMBER,TECHNICIAN"
CLODSIRE,18,2230,151,"POISON-POINT,WATER-ABSORB,UNAWARE"
CLOYSTER,15,1325,184,"SHELL-ARMOR,SKILL-LINK,OVERCOAT"
COALOSSAL,28,3105,255,"STEAM-ENGINE,FLAME-BODY,FLASH-FIRE"
COALOSSAL-GMAX,420,10000,255,"STEAM-ENGINE,FLAME-BODY,FLASH-FIRE"
COBALION,21,2500,290,JUSTIFIED
COFAGRIGUS,17,765,169,MUMMY
COMBEE,3,55,49,"HONEY-GATHER,HUSTLE"
COMBUSKEN,9,195,142,"BLAZE,SPEED-BOOST"
COMFEY,1,3,170,"FLOWER-VEIL,TRIAGE,NATURAL-CURE"
CONKELDURR,14,870,253,"GUTS,SHEER-FORCE,IRON-FIST"
COPPERAJAH,30,6500,175,"SHEER-FORCE,HEAVY-METAL"
COPPERAJAH-GMAX,230,10000,175,"SHEER-FORCE,HEAVY-METAL"
CORPHISH,6,115,62,"HYPER-CUTTER,SHELL-ARMOR,ADAPTABILITY"
CORSOLA,6,50,144,"HUSTLE,NATURAL-CURE,REGENERATOR"
CORSOLA-GALAR,6,5,144,"WEAK-ARMOR,CURSED-BODY"
CORVIKNIGHT,22,750,248,"PRESSURE,UNNERVE,MIRROR-ARMOR"
CORVIKNIGHT-GMAX,140,10000,248,"PRESSURE,UNNERVE,MIRROR-ARMOR"
CORVISQUIRE,8,160,128,"KEEN-EYE,UNNERVE,BIG-PECKS"
COSMOEM,1,9999,140,STURDY
COSMOG,2,1,40,UNAWARE
COTTONEE,3,6,56,"PRANKSTER,INFILTRATOR,CHLOROPHYLL"
CRABOMINABLE,17,1800,167,"HYPER-CUTTER,IRON-FIST,ANGER-POINT"
CRABRAWLER,6,70,68,"HYPER-CUTTER,IRON-FIST,ANGER-POINT"
CRADILY,15,604,173,"SUCTION-CUPS,STORM-DRAIN"
CRAMORANT,8,180,166,GULP-MISSILE
CRAMORANT-GORGING,8,180,166,GULP-MISSILE
CRAMORANT-GULPING,8,180,166,GULP-MISSILE
CRANIDOS,9,315,70,"MOLD-BREAKER,SHEER-FORCE"
CRAWDAUNT,11,328,164,"HYPER-CUTTER,SHELL-ARMOR,ADAPTABILITY"
CRESSELIA,15,856,300,LEVITATE
CROAGUNK,7,230,60,"ANTICIPATION,DRY-SKIN,POISON-TOUCH"
CROBAT,18,750,268,"INNER-FOCUS,INFILTRATOR"
CROCALOR,10,307,144,"BLAZE,UNAWARE"
CROCONAW,11,250,142,"TORRENT,SHEER-FORCE"
CRUSTLE,14,2000,170,"STURDY,SHELL-ARMOR,WEAK-ARMOR"
CRYOGONAL,11,1480,180,LEVITATE
CUBCHOO,5,85,61,"SNOW-CLOAK,SLUSH-RUSH,RATTLED"
CUBONE,4,65,64,"ROCK-HEAD,LIGHTNING-ROD,BATTLE-ARMOR"
CUFANT,12,1000,66,"SHEER-FORCE,HEAVY-METAL"
CURSOLA,10,4,179,"WEAK-ARMOR,PERISH-BODY"
CUTIEFLY,1,2,61,"HONEY-GATHER,SHIELD-DUST,SWEET-VEIL"
CYCLIZAR,16,630,175,"SHED-SKIN,REGENERATOR"
CYNDAQUIL,5,79,62,"BLAZE,FLASH-FIRE"
DACHSBUN,5,149,167,"WELL-BAKED-BODY,AROMA-VEIL"
DARKRAI,15,505,270,BAD-DREAMS
DARMANITAN-GALAR-STANDARD,17,1200,168,"GORILLA-TACTICS,ZEN-MODE"
DARMANITAN-GALAR-ZEN,17,1200,189,"GORILLA-TACTICS,ZEN-MODE"
DARMANITAN-STANDARD,13,929,168,"SHEER-FORCE,ZEN-MODE"
DARMANITAN-ZEN,13,929,189,"SHEER-FORCE,ZEN-MODE"
DARTRIX,7,160,147,"OVERGROW,LONG-REACH"
DARUMAKA,6,375,63,"HUSTLE,INNER-FOCUS"
DARUMAKA-GALAR,7,400,63,"HUSTLE,INNER-FOCUS"
DECIDUEYE,16,366,265,"OVERGROW,LONG-REACH"
DECIDUEYE-HISUI,16,370,,"OVERGROW,SCRAPPY"
DEDENNE,2,22,151,"CHEEK-POUCH,PICKUP,PLUS"
DEERLING,6,195,67,"CHLOROPHYLL,SAP-SIPPER,SERENE-GRACE"
DEINO,8,173,60,HUSTLE
DELCATTY,11,326,140,"CUTE-CHARM,NORMALIZE,WONDER-SKIN"
DELIBIRD,9,160,116,"VITAL-SPIRIT,HUSTLE,INSOMNIA"
DELPHOX,15,390,240,"BLAZE,MAGICIAN"
DEOXYS-ATTACK,17,608,270,PRESSURE
DEOXYS-DEFENSE,17,608,270,PRESSURE
DEOXYS-NORMAL,17,608,270,PRESSURE
DEOXYS-SPEED,17,608,270,PRESSURE
DEWGONG,17,1200,166,"THICK-FAT,HYDRATION,ICE-BODY"
DEWOTT,8,245,145,"TORRENT,SHELL-ARMOR"
DEWPIDER,3,40,54,"WATER-BUBBLE,WATER-ABSORB"
DHELMISE,39,2100,181,STEELWORKER
DIALGA,54,6830,340,"PRESSURE,TELEPATHY"
DIALGA-ORIGIN,70,8487,,"PRESSURE,TELEPATHY"
DIANCIE,7,88,300,CLEAR-BODY
DIANCIE-MEGA,11,278,315,MAGIC-BOUNCE
DIGGERSBY,10,424,148,"PICKUP,CHEEK-POUCH,HUGE-POWER"
DIGLETT,2,8,53,"SAND-VEIL,ARENA-TRAP,SAND-FORCE"
DIGLETT-ALOLA,2,10,53,"SAND-VEIL,TANGLING-HAIR,SAND-FORCE"
DIPPLIN,4,97,170,"SUPERSWEET-SYRUP,GLUTTONY,STICKY-HOLD"
DITTO,3,40,101,"LIMBER,IMPOSTER"
DODRIO,18,852,165,"RUN-AWAY,EARLY-BIRD,TANGLED-FEET"
DODUO,14,392,62,"RUN-AWAY,EARLY-BIRD,TANGLED-FEET"
DOLLIV,6,119,124,"EARLY-BIRD,HARVEST"
DONDOZO,120,2200,265,"UNAWARE,OBLIVIOUS,WATER-VEIL"
DONPHAN,11,1200,175,"STURDY,SAND-VEIL"
DOTTLER,4,195,117,"SWARM,COMPOUND-EYES,TELEPATHY"
DOUBLADE,8,45,157,NO-GUARD
DRACOVISH,23,2150,177,"WATER-ABSORB,STRONG-JAW,SAND-RUSH"
DRACOZOLT,18,1900,177,"VOLT-ABSORB,HUSTLE,SAND-RUSH"
DRAGALGE,18,815,173,"POISON-POINT,POISON-TOUCH,ADAPTABILITY"
DRAGAPULT,30,500,300,"CLEAR-BODY,INFILTRATOR,CURSED-BODY"
DRAGONAIR,40,165,147,"SHED-SKIN,MARVEL-SCALE"
DRAGONITE,22,2100,300,"INNER-FOCUS,MULTISCALE"
DRAKLOAK,14,110,144,"CLEAR-BODY,INFILTRATOR,CURSED-BODY"
DRAMPA,30,1850,170,"BERSERK,SAP-SIPPER,CLOUD-NINE"
DRAPION,13,615,175,"BATTLE-ARMOR,SNIPER,KEEN-EYE"
DRATINI,18,33,60,"SHED-SKIN,MARVEL-SCALE"
DREDNAW,10,1155,170,"STRONG-JAW,SHELL-ARMOR,SWIFT-SWIM"
DREDNAW-GMAX,240,10000,170,"STRONG-JAW,SHELL-ARMOR,SWIFT-SWIM"
DREEPY,5,20,54,"CLEAR-BODY,INFILTRATOR,CURSED-BODY"
DRIFBLIM,12,150,174,"AFTERMATH,UNBURDEN,FLARE-BOOST"
DRIFLOON,4,12,70,"AFTERMATH,UNBURDEN,FLARE-BOOST"
DRILBUR,3,85,66,"SAND-RUSH,SAND-FORCE,MOLD-BREAKER"
DRIZZILE,7,115,147,"TORRENT,SNIPER"
DROWZEE,10,324,66,"INSOMNIA,FOREWARN,INNER-FOCUS"
DRUDDIGON,16,1390,170,"ROUGH-SKIN,SHEER-FORCE,MOLD-BREAKER"
DUBWOOL,13,430,172,"FLUFFY,STEADFAST,BULLETPROOF"
DUCKLETT,5,55,61,"KEEN-EYE,BIG-PECKS,HYDRATION"
DUDUNSPARCE,36,392,182,"SERENE-GRACE,RUN-AWAY,RATTLED"
DUDUNSPARCE-THREE-SEGMENT,45,474,,"SERENE-GRACE,RUN-AWAY,RATTLED"
DUGTRIO,7,333,149,"SAND-VEIL,ARENA-TRAP,SAND-FORCE"
DUGTRIO-ALOLA,7,666,149,"SAND-VEIL,TANGLING-HAIR,SAND-FORCE"
DUNSPARCE,15,140,145,"SERENE-GRACE,RUN-AWAY,RATTLED"
DUOSION,6,80,130,"OVERCOAT,MAGIC-GUARD,REGENERATOR"
DURALUDON,18,400,187,"LIGHT-METAL,HEAVY-METAL,STALWART"
DURALUDON-GMAX,430,10000,187,"LIGHT-METAL,HEAVY-METAL,STALWART"
DURANT,3,330,169,"SWARM,HUSTLE,TRUANT"
DUSCLOPS,16,306,159,"PRESSURE,FRISK"
DUSKNOIR,22,1066,263,"PRESSURE,FRISK"
DUSKULL,8,150,59,"LEVITATE,FRISK"
DUSTOX,12,316,173,"SHIELD-DUST,COMPOUND-EYES"
DWEBBLE,3,145,65,"STURDY,SHELL-ARMOR,WEAK-ARMOR"
EELEKTRIK,12,220,142,LEVITATE
EELEKTROSS,21,805,232,LEVITATE
EEVEE,3,65,65,"RUN-AWAY,ADAPTABILITY,ANTICIPATION"
EEVEE-GMAX,180,10000,65,"RUN-AWAY,ADAPTABILITY,ANTICIPATION"
EEVEE-STARTER,3,65,87,"RUN-AWAY,ADAPTABILITY,ANTICIPATION"
EISCUE-ICE,14,890,165,ICE-FACE
EISCUE-NOICE,14,890,165,ICE-FACE
EKANS,20,69,58,"INTIMIDATE,SHED-SKIN,UNNERVE"
ELDEGOSS,5,25,161,"COTTON-DOWN,REGENERATOR,EFFECT-SPORE"
ELECTABUZZ,11,300,172,"STATIC,VITAL-SPIRIT"
ELECTIVIRE,18,1386,270,"MOTOR-DRIVE,VITAL-SPIRIT"
ELECTRIKE,6,152,59,"STATIC,LIGHTNING-ROD,MINUS"
ELECTRODE,12,666,172,"SOUNDPROOF,STATIC,AFTERMATH"
ELECTRODE-HISUI,12,710,,"SOUNDPROOF,STATIC,AFTERMATH"
ELEKID,6,235,72,"STATIC,VITAL-SPIRIT"
ELGYEM,5,90,67,"TELEPATHY,SYNCHRONIZE,ANALYTIC"
EMBOAR,16,1500,238,"BLAZE,RECKLESS"
EMOLGA,4,50,150,"STATIC,MOTOR-DRIVE"
EMPOLEON,17,845,239,"TORRENT,COMPETITIVE"
ENAMORUS-INCARNATE,16,480,116,"CUTE-CHARM,CONTRARY"
ENAMORUS-THERIAN,16,480,,OVERCOAT
ENTEI,21,1980,290,"PRESSURE,INNER-FOCUS"
ESCAVALIER,10,330,173,"SWARM,SHELL-ARMOR,OVERCOAT"
ESPATHRA,19,900,168,"OPPORTUNIST,FRISK,SPEED-BOOST"
ESPEON,9,265,184,"SYNCHRONIZE,MAGIC-BOUNCE"
ESPURR,3,35,71,"KEEN-EYE,INFILTRATOR,OWN-TEMPO"
ETERNATUS,200,9500,345,PRESSURE
ETERNATUS-ETERNAMAX,1000,0,563,PRESSURE
EXCADRILL,7,404,178,"SAND-RUSH,SAND-FORCE,MOLD-BREAKER"
EXEGGCUTE,4,25,65,"CHLOROPHYLL,HARVEST"
EXEGGUTOR,20,1200,186,"CHLOROPHYLL,HARVEST"
EXEGGUTOR-ALOLA,109,4156,186,"FRISK,HARVEST"
EXPLOUD,15,840,245,"SOUNDPROOF,SCRAPPY"
FALINKS,30,620,165,"BATTLE-ARMOR,DEFIANT"
FARFETCHD,8,150,132,"KEEN-EYE,INNER-FOCUS,DEFIANT"
FARFETCHD-GALAR,8,420,132,"STEADFAST,SCRAPPY"
FARIGIRAF,32,1600,260,"CUD-CHEW,ARMOR-TAIL,SAP-SIPPER"
FEAROW,12,380,155,"KEEN-EYE,SNIPER"
FEEBAS,6,74,40,"SWIFT-SWIM,OBLIVIOUS,ADAPTABILITY"
FENNEKIN,4,94,61,"BLAZE,MAGICIAN"
FERALIGATR,23,888,239,"TORRENT,SHEER-FORCE"
FERROSEED,6,188,61,IRON-BARBS
FERROTHORN,10,1100,171,"IRON-BARBS,ANTICIPATION"
FEZANDIPITI,14,301,278,"TOXIC-CHAIN,TECHNICIAN"
FIDOUGH,3,109,62,"OWN-TEMPO,KLUTZ"
FINIZEN,13,602,63,"WATER-VEIL,WATER-VEIL"
FINNEON,4,70,66,"SWIFT-SWIM,STORM-DRAIN,WATER-VEIL"
FLAAFFY,8,133,128,"STATIC,PLUS"
FLABEBE,1,1,61,"FLOWER-VEIL,SYMBIOSIS"
FLAMIGO,16,370,175,"SCRAPPY,TANGLED-FEET,COSTAR"
FLAPPLE,3,10,170,"RIPEN,GLUTTONY,HUSTLE"
FLAPPLE-GMAX,240,10000,170,"RIPEN,GLUTTONY,HUSTLE"
FLAREON,9,250,184,"FLASH-FIRE,GUTS"
FLETCHINDER,7,160,134,"FLAME-BODY,GALE-WINGS"
FLETCHLING,3,17,56,"BIG-PECKS,GALE-WINGS"
FLITTLE,2,15,51,"ANTICIPATION,FRISK,SPEED-BOOST"
FLOATZEL,11,335,173,"SWIFT-SWIM,WATER-VEIL"
FLOETTE,2,9,130,"FLOWER-VEIL,SYMBIOSIS"
FLOETTE-ETERNAL,2,9,243,"FLOWER-VEIL,SYMBIOSIS"
FLORAGATO,9,122,144,"OVERGROW,PROTEAN"
FLORGES,11,100,248,"FLOWER-VEIL,SYMBIOSIS"
FLUTTER-MANE,14,40,285,"PROTOSYNTHESIS,PROTOSYNTHESIS"
FLYGON,20,820,260,LEVITATE
FOMANTIS,3,15,50,"LEAF-GUARD,CONTRARY"
FOONGUS,2,10,59,"EFFECT-SPORE,REGENERATOR"
FORRETRESS,12,1258,163,"STURDY,OVERCOAT"
FRAXURE,10,360,144,"RIVALRY,MOLD-BREAKER,UNNERVE"
FRIGIBAX,5,170,64,"THERMAL-EXCHANGE,ICE-BODY"
FRILLISH,12,330,67,"WATER-ABSORB,CURSED-BODY,DAMP"
FROAKIE,3,70,63,"TORRENT,PROTEAN"
FROGADIER,6,109,142,"TORRENT,PROTEAN"
FROSLASS,13,266,168,"SNOW-CLOAK,CURSED-BODY"
FROSMOTH,13,420,166,"SHIELD-DUST,ICE-SCALES"
FUECOCO,4,98,62,"BLAZE,UNAWARE"
FURFROU,12,280,165,FUR-COAT
FURRET,18,325,145,"RUN-AWAY,KEEN-EYE,FRISK"
GABITE,14,560,144,"SAND-VEIL,ROUGH-SKIN"
GALLADE,16,520,259,"STEADFAST,SHARPNESS,JUSTIFIED"
GALLADE-MEGA,16,564,278,INNER-FOCUS
GALVANTULA,8,143,165,"COMPOUND-EYES,UNNERVE,SWARM"
GARBODOR,19,1073,166,"STENCH,WEAK-ARMOR,AFTERMATH"
GARBODOR-GMAX,210,10000,166,"STENCH,WEAK-ARMOR,AFTERMATH"
GARCHOMP,19,950,300,"SAND-VEIL,ROUGH-SKIN"
GARCHOMP-MEGA,19,950,315,SAND-FORCE
GARDEVOIR,16,484,259,"SYNCHRONIZE,TRACE,TELEPATHY"
GARDEVOIR-MEGA,16,484,278,PIXILATE
GARGANACL,23,2400,250,"PURIFYING-SALT,STURDY,CLEAR-BODY"
GASTLY,13,1,62,LEVITATE
GASTRODON,9,299,166,"STICKY-HOLD,STORM-DRAIN,SAND-FORCE"
GENESECT,15,825,300,DOWNLOAD
GENGAR,15,405,250,CURSED-BODY
GENGAR-GMAX,200,10000,225,CURSED-BODY
GENGAR-MEGA,14,405,270,SHADOW-TAG
GEODUDE,4,200,60,"ROCK-HEAD,STURDY,SAND-VEIL"
GEODUDE-ALOLA,4,203,60,"MAGNET-PULL,STURDY,GALVANIZE"
GHOLDENGO,12,300,275,"GOOD-AS-GOLD,GOOD-AS-GOLD"
GIBLE,7,205,60,"SAND-VEIL,ROUGH-SKIN"
GIGALITH,17,2600,258,"STURDY,SAND-STREAM,SAND-FORCE"
GIMMIGHOUL,3,50,60,"RATTLED,RATTLED"
GIMMIGHOUL-ROAMING,1,10,,"RUN-AWAY,RUN-AWAY"
GIRAFARIG,15,415,159,"INNER-FOCUS,EARLY-BIRD,SAP-SIPPER"
GIRATINA-ALTERED,45,7500,340,"PRESSURE,TELEPATHY"
GIRATINA-ORIGIN,69,6500,340,LEVITATE
GLACEON,8,259,184,"SNOW-CLOAK,ICE-BODY"
GLALIE,15,2565,168,"INNER-FOCUS,ICE-BODY,MOODY"
GLALIE-MEGA,21,3502,203,REFRIGERATE
GLAMEOW,5,39,62,"LIMBER,OWN-TEMPO,KEEN-EYE"
GLASTRIER,22,8000,290,CHILLING-NEIGH
GLIGAR,11,648,86,"HYPER-CUTTER,SAND-VEIL,IMMUNITY"
GLIMMET,7,80,70,"TOXIC-DEBRIS,CORROSION"
GLIMMORA,15,450,184,"TOXIC-DEBRIS,CORROSION"
GLISCOR,20,425,179,"HYPER-CUTTER,SAND-VEIL,POISON-HEAL"
GLOOM,8,86,138,"CHLOROPHYLL,STENCH"
GOGOAT,17,910,186,"SAP-SIPPER,GRASS-PELT"
GOLBAT,16,550,159,"INNER-FOCUS,INFILTRATOR"
GOLDEEN,6,150,64,"SWIFT-SWIM,WATER-VEIL,LIGHTNING-ROD"
GOLDUCK,17,766,175,"DAMP,CLOUD-NINE,SWIFT-SWIM"
GOLEM,14,3000,223,"ROCK-HEAD,STURDY,SAND-VEIL"
GOLEM-ALOLA,17,3160,223,"MAGNET-PULL,STURDY,GALVANIZE"
GOLETT,10,920,61,"IRON-FIST,KLUTZ,NO-GUARD"
GOLISOPOD,20,1080,186,EMERGENCY-EXIT
GOLURK,28,3300,169,"IRON-FIST,KLUTZ,NO-GUARD"
GOODRA,20,1505,300,"SAP-SIPPER,HYDRATION,GOOEY"
GOODRA-HISUI,17,3341,,"SAP-SIPPER,SHELL-ARMOR,GOOEY"
GOOMY,3,28,60,"SAP-SIPPER,HYDRATION,GOOEY"
GOREBYSS,18,226,170,"SWIFT-SWIM,HYDRATION"
GOSSIFLEUR,4,22,50,"COTTON-DOWN,REGENERATOR,EFFECT-SPORE"
GOTHITA,4,58,58,"FRISK,COMPETITIVE,SHADOW-TAG"
GOTHITELLE,15,440,245,"FRISK,COMPETITIVE,SHADOW-TAG"
GOTHORITA,7,180,137,"FRISK,COMPETITIVE,SHADOW-TAG"
GOUGING-FIRE,35,5900,295,PROTOSYNTHESIS
GOURGEIST-AVERAGE,9,125,173,"PICKUP,FRISK,INSOMNIA"
GOURGEIST-LARGE,11,140,173,"PICKUP,FRISK,INSOMNIA"
GOURGEIST-SMALL,7,95,173,"PICKUP,FRISK,INSOMNIA"
GOURGEIST-SUPER,17,390,173,"PICKUP,FRISK,INSOMNIA"
GRAFAIAI,7,272,170,"UNBURDEN,POISON-TOUCH,PRANKSTER"
GRANBULL,14,487,158,"INTIMIDATE,QUICK-FEET,RATTLED"
GRAPPLOCT,16,390,168,"LIMBER,TECHNICIAN"
GRAVELER,10,1050,137,"ROCK-HEAD,STURDY,SAND-VEIL"
GRAVELER-ALOLA,10,1100,137,"MAGNET-PULL,STURDY,GALVANIZE"
GREAT-TUSK,22,3200,285,"PROTOSYNTHESIS,PROTOSYNTHESIS"
GREAVARD,6,350,58,"PICKUP,FLUFFY"
GREEDENT,6,60,161,"CHEEK-POUCH,GLUTTONY"
GRENINJA,15,400,239,"TORRENT,PROTEAN"
GRENINJA-ASH,15,400,288,BATTLE-BOND
GRENINJA-BATTLE-BOND,15,400,239,BATTLE-BOND
GRIMER,9,300,65,"STENCH,STICKY-HOLD,POISON-TOUCH"
GRIMER-ALOLA,7,420,65,"POISON-TOUCH,GLUTTONY,POWER-OF-ALCHEMY"
GRIMMSNARL,15,610,255,"PRANKSTER,FRISK,PICKPOCKET"
GRIMMSNARL-GMAX,320,10000,255,"PRANKSTER,FRISK,PICKPOCKET"
GROOKEY,3,50,62,"OVERGROW,GRASSY-SURGE"
GROTLE,11,970,142,"OVERGROW,SHELL-ARMOR"
GROUDON,35,9500,335,DROUGHT
GROUDON-PRIMAL,50,9997,347,DESOLATE-LAND
GROVYLE,9,216,142,"OVERGROW,UNBURDEN"
GROWLITHE,7,190,70,"INTIMIDATE,FLASH-FIRE,JUSTIFIED"
GROWLITHE-HISUI,8,227,,"INTIMIDATE,FLASH-FIRE,ROCK-HEAD"
GRUBBIN,4,44,60,SWARM
GRUMPIG,9,715,165,"THICK-FAT,OWN-TEMPO,GLUTTONY"
GULPIN,4,103,60,"LIQUID-OOZE,STICKY-HOLD,GLUTTONY"
GUMSHOOS,7,142,146,"STAKEOUT,STRONG-JAW,ADAPTABILITY"
GUMSHOOS-TOTEM,14,600,146,"STAKEOUT,STRONG-JAW,ADAPTABILITY"
GURDURR,12,400,142,"GUTS,SHEER-FORCE,IRON-FIST"
GUZZLORD,55,8880,285,BEAST-BOOST
GYARADOS,65,2350,189,"INTIMIDATE,MOXIE"
GYARADOS-MEGA,65,3050,224,MOLD-BREAKER
HAKAMO-O,12,470,147,"BULLETPROOF,SOUNDPROOF,OVERCOAT"
HAPPINY,6,244,110,"NATURAL-CURE,SERENE-GRACE,FRIEND-GUARD"
HARIYAMA,23,2538,166,"THICK-FAT,GUTS,SHEER-FORCE"
HATENNA,4,34,53,"HEALER,ANTICIPATION,MAGIC-BOUNCE"
HATTERENE,21,51,255,"HEALER,ANTICIPATION,MAGIC-BOUNCE"
HATTERENE-GMAX,260,10000,255,"HEALER,ANTICIPATION,MAGIC-BOUNCE"
HATTREM,6,48,130,"HEALER,ANTICIPATION,MAGIC-BOUNCE"
HAUNTER,16,1,142,LEVITATE
HAWLUCHA,8,215,175,"LIMBER,UNBURDEN,MOLD-BREAKER"
HAXORUS,18,1055,270,"RIVALRY,MOLD-BREAKER,UNNERVE"
HEATMOR,14,580,169,"GLUTTONY,FLASH-FIRE,WHITE-SMOKE"
HEATRAN,17,4300,300,"FLASH-FIRE,FLAME-BODY"
HELIOLISK,10,210,168,"DRY-SKIN,SAND-VEIL,SOLAR-POWER"
HELIOPTILE,5,60,58,"DRY-SKIN,SAND-VEIL,SOLAR-POWER"
HERACROSS,15,540,175,"SWARM,GUTS,MOXIE"
HERACROSS-MEGA,17,625,210,SKILL-LINK
HERDIER,9,147,130,"INTIMIDATE,SAND-RUSH,SCRAPPY"
HIPPOPOTAS,8,495,66,"SAND-STREAM,SAND-FORCE"
HIPPOWDON,20,3000,184,"SAND-STREAM,SAND-FORCE"
HITMONCHAN,14,502,159,"KEEN-EYE,IRON-FIST,INNER-FOCUS"
HITMONLEE,15,498,159,"LIMBER,RECKLESS,UNBURDEN"
HITMONTOP,14,480,159,"INTIMIDATE,TECHNICIAN,STEADFAST"
HO-OH,38,1990,340,"PRESSURE,REGENERATOR"
HONCHKROW,9,273,177,"INSOMNIA,SUPER-LUCK,MOXIE"
HONEDGE,8,20,65,NO-GUARD
HOOPA,5,90,270,MAGICIAN
HOOPA-UNBOUND,65,4900,306,MAGICIAN
HOOTHOOT,7,212,52,"INSOMNIA,KEEN-EYE,TINTED-LENS"
HOPPIP,4,5,50,"CHLOROPHYLL,LEAF-GUARD,INFILTRATOR"
HORSEA,4,80,59,"SWIFT-SWIM,SNIPER,DAMP"
HOUNDOOM,14,350,175,"EARLY-BIRD,FLASH-FIRE,UNNERVE"
HOUNDOOM-MEGA,19,495,210,SOLAR-POWER
HOUNDOUR,6,108,66,"EARLY-BIRD,FLASH-FIRE,UNNERVE"
HOUNDSTONE,20,150,171,"SAND-RUSH,FLUFFY"
HUNTAIL,17,270,170,"SWIFT-SWIM,WATER-VEIL"
HYDRAPPLE,18,930,270,"SUPERSWEET-SYRUP,REGENERATOR,STICKY-HOLD"
HYDREIGON,18,1600,300,LEVITATE
HYPNO,16,756,169,"INSOMNIA,FOREWARN,INNER-FOCUS"
IGGLYBUFF,3,10,42,"CUTE-CHARM,COMPETITIVE,FRIEND-GUARD"
ILLUMISE,6,177,151,"OBLIVIOUS,TINTED-LENS,PRANKSTER"
IMPIDIMP,4,55,53,"PRANKSTER,FRISK,PICKPOCKET"
INCINEROAR,18,830,265,"BLAZE,INTIMIDATE"
INDEEDEE-FEMALE,9,280,166,"OWN-TEMPO,SYNCHRONIZE,PSYCHIC-SURGE"
INDEEDEE-MALE,9,280,166,"INNER-FOCUS,SYNCHRONIZE,PSYCHIC-SURGE"
INFERNAPE,12,550,240,"BLAZE,IRON-FIST"
INKAY,4,35,58,"CONTRARY,SUCTION-CUPS,INFILTRATOR"
INTELEON,19,452,265,"TORRENT,SNIPER"
INTELEON-GMAX,400,10000,265,"TORRENT,SNIPER"
IRON-BOULDER,15,1625,295,QUARK-DRIVE
IRON-BUNDLE,6,110,285,"QUARK-DRIVE,QUARK-DRIVE"
IRON-CROWN,16,1560,295,QUARK-DRIVE
IRON-HANDS,18,3807,285,"QUARK-DRIVE,QUARK-DRIVE"
IRON-JUGULIS,13,1110,285,"QUARK-DRIVE,QUARK-DRIVE"
IRON-LEAVES,15,1250,295,"QUARK-DRIVE,QUARK-DRIVE"
IRON-MOTH,12,360,285,"QUARK-DRIVE,QUARK-DRIVE"
IRON-THORNS,16,3030,285,"QUARK-DRIVE,QUARK-DRIVE"
IRON-TREADS,9,2400,285,"QUARK-DRIVE,QUARK-DRIVE"
IRON-VALIANT,14,350,295,"QUARK-DRIVE,QUARK-DRIVE"
IVYSAUR,10,130,142,"OVERGROW,CHLOROPHYLL"
JANGMO-O,6,297,60,"BULLETPROOF,SOUNDPROOF,OVERCOAT"
JELLICENT,22,1350,168,"WATER-ABSORB,CURSED-BODY,DAMP"
JIGGLYPUFF,5,55,95,"CUTE-CHARM,COMPETITIVE,FRIEND-GUARD"
JIRACHI,3,11,300,SERENE-GRACE
JOLTEON,8,245,184,"VOLT-ABSORB,QUICK-FEET"
JOLTIK,1,6,64,"COMPOUND-EYES,UNNERVE,SWARM"
JUMPLUFF,8,30,207,"CHLOROPHYLL,LEAF-GUARD,INFILTRATOR"
JYNX,14,406,159,"OBLIVIOUS,FOREWARN,DRY-SKIN"
KABUTO,5,115,71,"SWIFT-SWIM,BATTLE-ARMOR,WEAK-ARMOR"
KABUTOPS,13,405,173,"SWIFT-SWIM,BATTLE-ARMOR,WEAK-ARMOR"
KADABRA,13,565,140,"SYNCHRONIZE,INNER-FOCUS,MAGIC-GUARD"
KAKUNA,6,100,72,SHED-SKIN
KANGASKHAN,22,800,172,"EARLY-BIRD,SCRAPPY,INNER-FOCUS"
KANGASKHAN-MEGA,22,1000,207,PARENTAL-BOND
KARRABLAST,5,59,63,"SWARM,SHED-SKIN,NO-GUARD"
KARTANA,3,1,285,BEAST-BOOST
KECLEON,10,220,154,"COLOR-CHANGE,PROTEAN"
KELDEO-ORDINARY,14,485,290,JUSTIFIED
KELDEO-RESOLUTE,14,485,290,JUSTIFIED
KILOWATTREL,14,386,172,"WIND-POWER,VOLT-ABSORB,COMPETITIVE"
KINGAMBIT,20,1200,275,"DEFIANT,SUPREME-OVERLORD,PRESSURE"
KINGDRA,18,1520,270,"SWIFT-SWIM,SNIPER,DAMP"
KINGLER,13,600,166,"HYPER-CUTTER,SHELL-ARMOR,SHEER-FORCE"
KINGLER-GMAX,190,10000,166,"HYPER-CUTTER,SHELL-ARMOR,SHEER-FORCE"
KIRLIA,8,202,97,"SYNCHRONIZE,TRACE,TELEPATHY"
KLANG,6,510,154,"PLUS,MINUS,CLEAR-BODY"
KLAWF,13,790,158,"ANGER-SHELL,SHELL-ARMOR,REGENERATOR"
KLEAVOR,18,890,175,"SWARM,SHEER-FORCE,SHARPNESS"
KLEFKI,2,30,165,"PRANKSTER,MAGICIAN"
KLINK,3,210,60,"PLUS,MINUS,CLEAR-BODY"
KLINKLANG,6,810,260,"PLUS,MINUS,CLEAR-BODY"
KOFFING,6,10,68,"LEVITATE,NEUTRALIZING-GAS,STENCH"
KOMALA,4,199,168,COMATOSE
KOMMO-O,16,782,300,"BULLETPROOF,SOUNDPROOF,OVERCOAT"
KOMMO-O-TOTEM,24,2075,270,"BULLETPROOF,SOUNDPROOF,OVERCOAT"
KORAIDON,25,3030,335,"ORICHALCUM-PULSE,ORICHALCUM-PULSE"
KORAIDON-GLIDING-BUILD,35,3030,,"ORICHALCUM-PULSE,ORICHALCUM-PULSE"
KORAIDON-LIMITED-BUILD,35,3030,,"ORICHALCUM-PULSE,ORICHALCUM-PULSE"
KORAIDON-SPRINTING-BUILD,35,3030,,"ORICHALCUM-PULSE,ORICHALCUM-PULSE"
KORAIDON-SWIMMING-BUILD,35,3030,,"ORICHALCUM-PULSE,ORICHALCUM-PULSE"
KRABBY,4,65,65,"HYPER-CUTTER,SHELL-ARMOR,SHEER-FORCE"
KRICKETOT,3,22,39,"SHED-SKIN,RUN-AWAY"
KRICKETUNE,10,255,134,"SWARM,TECHNICIAN"
KROKOROK,10,334,123,"INTIMIDATE,MOXIE,ANGER-POINT"
KROOKODILE,15,963,260,"INTIMIDATE,MOXIE,ANGER-POINT"
KUBFU,6,120,77,INNER-FOCUS
KYOGRE,45,3520,335,DRIZZLE
KYOGRE-PRIMAL,98,4300,347,PRIMORDIAL-SEA
KYUREM,30,3250,330,PRESSURE
KYUREM-BLACK,33,3250,350,TERAVOLT
KYUREM-WHITE,36,3250,350,TURBOBLAZE
LAIRON,9,1200,151,"STURDY,ROCK-HEAD,HEAVY-METAL"
LAMPENT,6,130,130,"FLASH-FIRE,FLAME-BODY,INFILTRATOR"
LANDORUS-INCARNATE,15,680,300,"SAND-FORCE,SHEER-FORCE"
LANDORUS-THERIAN,13,680,300,INTIMIDATE
LANTURN,12,225,161,"VOLT-ABSORB,ILLUMINATE,WATER-ABSORB"
LAPRAS,25,2200,187,"WATER-ABSORB,SHELL-ARMOR,HYDRATION"
LAPRAS-GMAX,240,10000,187,"WATER-ABSORB,SHELL-ARMOR,HYDRATION"
LARVESTA,11,288,72,"FLAME-BODY,SWARM"
LARVITAR,6,720,60,"GUTS,SAND-VEIL"
LATIAS,14,400,300,LEVITATE
LATIAS-MEGA,18,520,315,LEVITATE
LATIOS,20,600,300,LEVITATE
LATIOS-MEGA,23,700,315,LEVITATE
LEAFEON,10,255,184,"LEAF-GUARD,CHLOROPHYLL"
LEAVANNY,12,205,225,"SWARM,CHLOROPHYLL,OVERCOAT"
LECHONK,5,102,51,"AROMA-VEIL,GLUTTONY,THICK-FAT"
LEDIAN,14,356,137,"SWARM,EARLY-BIRD,IRON-FIST"
LEDYBA,10,108,53,"SWARM,EARLY-BIRD,RATTLED"
LICKILICKY,17,1400,180,"OWN-TEMPO,OBLIVIOUS,CLOUD-NINE"
LICKITUNG,12,655,77,"OWN-TEMPO,OBLIVIOUS,CLOUD-NINE"
LIEPARD,11,375,156,"LIMBER,UNBURDEN,PRANKSTER"
LILEEP,10,238,71,"SUCTION-CUPS,STORM-DRAIN"
LILLIGANT,11,163,168,"CHLOROPHYLL,OWN-TEMPO,LEAF-GUARD"
LILLIGANT-HISUI,12,192,,"CHLOROPHYLL,HUSTLE,LEAF-GUARD"
LILLIPUP,4,41,55,"VITAL-SPIRIT,PICKUP,RUN-AWAY"
LINOONE,5,325,147,"PICKUP,GLUTTONY,QUICK-FEET"
LINOONE-GALAR,5,325,147,"PICKUP,GLUTTONY,QUICK-FEET"
LITLEO,6,135,74,"RIVALRY,UNNERVE,MOXIE"
LITTEN,4,43,64,"BLAZE,INTIMIDATE"
LITWICK,3,31,55,"FLASH-FIRE,FLAME-BODY,INFILTRATOR"
LOKIX,10,175,158,"SWARM,TINTED-LENS"
LOMBRE,12,325,119,"SWIFT-SWIM,RAIN-DISH,OWN-TEMPO"
LOPUNNY,12,333,168,"CUTE-CHARM,KLUTZ,LIMBER"
LOPUNNY-MEGA,13,283,203,SCRAPPY
LOTAD,5,26,44,"SWIFT-SWIM,RAIN-DISH,OWN-TEMPO"
LOUDRED,10,405,126,"SOUNDPROOF,SCRAPPY"
LUCARIO,12,540,184,"STEADFAST,INNER-FOCUS,JUSTIFIED"
LUCARIO-MEGA,13,575,219,ADAPTABILITY
LUDICOLO,15,550,240,"SWIFT-SWIM,RAIN-DISH,OWN-TEMPO"
LUGIA,52,2160,340,"PRESSURE,MULTISCALE"
LUMINEON,12,240,161,"SWIFT-SWIM,STORM-DRAIN,WATER-VEIL"
LUNALA,40,1200,340,SHADOW-SHIELD
LUNATONE,10,1680,161,LEVITATE
LURANTIS,9,185,168,"LEAF-GUARD,CONTRARY"
LURANTIS-TOTEM,15,580,168,"LEAF-GUARD,CONTRARY"
LUVDISC,6,87,116,"SWIFT-SWIM,HYDRATION"
LUXIO,9,305,127,"RIVALRY,INTIMIDATE,GUTS"
LUXRAY,14,420,262,"RIVALRY,INTIMIDATE,GUTS"
LYCANROC-DUSK,8,250,170,TOUGH-CLAWS
LYCANROC-MIDDAY,8,250,170,"KEEN-EYE,SAND-RUSH,STEADFAST"
LYCANROC-MIDNIGHT,11,250,170,"KEEN-EYE,VITAL-SPIRIT,NO-GUARD"
MABOSSTIFF,11,610,177,"INTIMIDATE,GUARD-DOG,STAKEOUT"
MACHAMP,16,1300,253,"GUTS,NO-GUARD,STEADFAST"
MACHAMP-GMAX,250,10000,227,"GUTS,NO-GUARD,STEADFAST"
MACHOKE,15,705,142,"GUTS,NO-GUARD,STEADFAST"
MACHOP,8,195,61,"GUTS,NO-GUARD,STEADFAST"
MAGBY,7,214,73,"FLAME-BODY,VITAL-SPIRIT"
MAGCARGO,8,550,151,"MAGMA-ARMOR,FLAME-BODY,WEAK-ARMOR"
MAGEARNA,10,805,300,SOUL-HEART
MAGEARNA-ORIGINAL,10,805,300,SOUL-HEART
MAGIKARP,9,100,40,"SWIFT-SWIM,RATTLED"
MAGMAR,13,445,173,"FLAME-BODY,VITAL-SPIRIT"
MAGMORTAR,16,680,270,"FLAME-BODY,VITAL-SPIRIT"
MAGNEMITE,3,60,65,"MAGNET-PULL,STURDY,ANALYTIC"
MAGNETON,10,600,163,"MAGNET-PULL,STURDY,ANALYTIC"
MAGNEZONE,12,1800,268,"MAGNET-PULL,STURDY,ANALYTIC"
MAKUHITA,10,864,47,"THICK-FAT,GUTS,SHEER-FORCE"
MALAMAR,15,470,169,"CONTRARY,SUCTION-CUPS,INFILTRATOR"
MAMOSWINE,25,2910,265,"OBLIVIOUS,SNOW-CLOAK,THICK-FAT"
MANAPHY,3,14,270,HYDRATION
MANDIBUZZ,12,395,179,"BIG-PECKS,OVERCOAT,WEAK-ARMOR"
MANECTRIC,15,402,166,"STATIC,LIGHTNING-ROD,MINUS"
MANECTRIC-MEGA,18,440,201,INTIMIDATE
MANKEY,5,280,61,"VITAL-SPIRIT,ANGER-POINT,DEFIANT"
MANTINE,21,2200,170,"SWIFT-SWIM,WATER-ABSORB,WATER-VEIL"
MANTYKE,10,650,69,"SWIFT-SWIM,WATER-ABSORB,WATER-VEIL"
MARACTUS,10,280,161,"WATER-ABSORB,CHLOROPHYLL,STORM-DRAIN"
MAREANIE,4,80,61,"MERCILESS,LIMBER,REGENERATOR"
MAREEP,6,78,56,"STATIC,PLUS"
MARILL,4,85,88,"THICK-FAT,HUGE-POWER,SAP-SIPPER"
MAROWAK,10,450,149,"ROCK-HEAD,LIGHTNING-ROD,BATTLE-ARMOR"
MAROWAK-ALOLA,10,340,149,"CURSED-BODY,LIGHTNING-ROD,ROCK-HEAD"
MAROWAK-TOTEM,17,980,149,"CURSED-BODY,LIGHTNING-ROD,ROCK-HEAD"
MARSHADOW,7,222,300,TECHNICIAN
MARSHTOMP,7,280,142,"TORRENT,DAMP"
MASCHIFF,5,160,68,"INTIMIDATE,RUN-AWAY,STAKEOUT"
MASQUERAIN,8,36,159,"INTIMIDATE,UNNERVE"
MAUSHOLD,3,23,165,"FRIEND-GUARD,CHEEK-POUCH,TECHNICIAN"
MAUSHOLD-FAMILY-OF-THREE,3,28,,"FRIEND-GUARD,CHEEK-POUCH,TECHNICIAN"
MAWILE,6,115,133,"HYPER-CUTTER,INTIMIDATE,SHEER-FORCE"
MAWILE-MEGA,10,235,168,HUGE-POWER
MEDICHAM,13,315,144,"PURE-POWER,TELEPATHY"
MEDICHAM-MEGA,13,315,179,PURE-POWER
MEDITITE,6,112,56,"PURE-POWER,TELEPATHY"
MEGANIUM,18,1005,236,"OVERGROW,LEAF-GUARD"
MELMETAL,25,8000,300,IRON-FIST
MELMETAL-GMAX,250,10000,270,IRON-FIST
MELOETTA-ARIA,6,65,270,SERENE-GRACE
MELOETTA-PIROUETTE,6,65,270,SERENE-GRACE
MELTAN,2,80,150,MAGNET-PULL
MEOWSCARADA,15,312,265,"OVERGROW,PROTEAN"
MEOWSTIC-FEMALE,6,85,163,"KEEN-EYE,INFILTRATOR,COMPETITIVE"
MEOWSTIC-MALE,6,85,163,"KEEN-EYE,INFILTRATOR,PRANKSTER"
MEOWTH,4,42,58,"PICKUP,TECHNICIAN,UNNERVE"
MEOWTH-ALOLA,4,42,58,"PICKUP,TECHNICIAN,RATTLED"
MEOWTH-GALAR,4,75,58,"PICKUP,TOUGH-CLAWS,UNNERVE"
MEOWTH-GMAX,330,10000,58,"PICKUP,TECHNICIAN,UNNERVE"
MESPRIT,3,3,290,LEVITATE
METAGROSS,16,5500,300,"CLEAR-BODY,LIGHT-METAL"
METAGROSS-MEGA,25,9429,315,TOUGH-CLAWS
METANG,12,2025,147,"CLEAR-BODY,LIGHT-METAL"
METAPOD,7,99,72,SHED-SKIN
MEW,4,40,300,SYNCHRONIZE
MEWTWO,20,1220,340,"PRESSURE,UNNERVE"
MEWTWO-MEGA-X,23,1270,351,STEADFAST
MEWTWO-MEGA-Y,15,330,351,INSOMNIA
MIENFOO,9,200,70,"INNER-FOCUS,REGENERATOR,RECKLESS"
MIENSHAO,14,355,179,"INNER-FOCUS,REGENERATOR,RECKLESS"
MIGHTYENA,10,370,147,"INTIMIDATE,QUICK-FEET,MOXIE"
MILCERY,2,3,54,"SWEET-VEIL,AROMA-VEIL"
MILOTIC,62,1620,189,"MARVEL-SCALE,COMPETITIVE,CUTE-CHARM"
MILTANK,12,755,172,"THICK-FAT,SCRAPPY,SAP-SIPPER"
MIME-JR,6,130,62,"SOUNDPROOF,FILTER,TECHNICIAN"
MIMIKYU-BUSTED,2,7,167,DISGUISE
MIMIKYU-DISGUISED,2,7,167,DISGUISE
MIMIKYU-TOTEM-BUSTED,4,28,167,DISGUISE
MIMIKYU-TOTEM-DISGUISED,4,28,167,DISGUISE
MINCCINO,4,58,60,"CUTE-CHARM,TECHNICIAN,SKILL-LINK"
MINIOR-BLUE,3,3,175,SHIELDS-DOWN
MINIOR-BLUE-METEOR,3,400,154,SHIELDS-DOWN
MINIOR-GREEN,3,3,175,SHIELDS-DOWN
MINIOR-GREEN-METEOR,3,400,154,SHIELDS-DOWN
MINIOR-INDIGO,3,3,175,SHIELDS-DOWN
MINIOR-INDIGO-METEOR,3,400,154,SHIELDS-DOWN
MINIOR-ORANGE,3,3,175,SHIELDS-DOWN
MINIOR-ORANGE-METEOR,3,400,154,SHIELDS-DOWN
MINIOR-RED,3,3,175,SHIELDS-DOWN
MINIOR-RED-METEOR,3,400,154,SHIELDS-DOWN
MINIOR-VIOLET,3,3,175,SHIELDS-DOWN
MINIOR-VIOLET-METEOR,3,400,154,SHIELDS-DOWN
MINIOR-YELLOW,3,3,175,SHIELDS-DOWN
MINIOR-YELLOW-METEOR,3,400,154,SHIELDS-DOWN
MINUN,4,42,142,"MINUS,VOLT-ABSORB"
MIRAIDON,35,2400,335,"HADRON-ENGINE,HADRON-ENGINE"
MIRAIDON-AQUATIC-MODE,28,2400,,"HADRON-ENGINE,HADRON-ENGINE"
MIRAIDON-DRIVE-MODE,28,2400,,"HADRON-ENGINE,HADRON-ENGINE"
MIRAIDON-GLIDE-MODE,28,2400,,"HADRON-ENGINE,HADRON-ENGINE"
MIRAIDON-LOW-POWER-MODE,28,2400,,"HADRON-ENGINE,HADRON-ENGINE"
MISDREAVUS,7,10,87,LEVITATE
MISMAGIUS,9,44,173,LEVITATE
MOLTRES,20,600,290,"PRESSURE,FLAME-BODY"
MOLTRES-GALAR,20,660,290,BERSERK
MONFERNO,9,220,142,"BLAZE,IRON-FIST"
MORELULL,2,15,57,"ILLUMINATE,EFFECT-SPORE,RAIN-DISH"
MORGREM,8,125,130,"PRANKSTER,FRISK,PICKPOCKET"
MORPEKO-FULL-BELLY,3,30,153,HUNGER-SWITCH
MORPEKO-HANGRY,3,30,153,HUNGER-SWITCH
MOTHIM,9,233,148,"SWARM,TINTED-LENS"
MR-MIME,13,545,161,"SOUNDPROOF,FILTER,TECHNICIAN"
MR-MIME-GALAR,14,568,161,"VITAL-SPIRIT,SCREEN-CLEANER,ICE-BODY"
MR-RIME,15,582,182,"TANGLED-FEET,SCREEN-CLEANER,ICE-BODY"
MUDBRAY,10,1100,77,"OWN-TEMPO,STAMINA,INNER-FOCUS"
MUDKIP,4,76,62,"TORRENT,DAMP"
MUDSDALE,25,9200,175,"OWN-TEMPO,STAMINA,INNER-FOCUS"
MUK,12,300,175,"STENCH,STICKY-HOLD,POISON-TOUCH"
MUK-ALOLA,10,520,175,"POISON-TOUCH,GLUTTONY,POWER-OF-ALCHEMY"
MUNCHLAX,6,1050,78,"PICKUP,THICK-FAT,GLUTTONY"
MUNKIDORI,10,122,278,"TOXIC-CHAIN,FRISK"
MUNNA,6,233,58,"FOREWARN,SYNCHRONIZE,TELEPATHY"
MURKROW,5,21,81,"INSOMNIA,SUPER-LUCK,PRANKSTER"
MUSHARNA,11,605,170,"FOREWARN,SYNCHRONIZE,TELEPATHY"
NACLI,4,160,56,"PURIFYING-SALT,STURDY,CLEAR-BODY"
NACLSTACK,6,1050,124,"PURIFYING-SALT,STURDY,CLEAR-BODY"
NAGANADEL,36,1500,270,BEAST-BOOST
NATU,2,20,64,"SYNCHRONIZE,EARLY-BIRD,MAGIC-BOUNCE"
NECROZMA,24,2300,300,PRISM-ARMOR
NECROZMA-DAWN,42,3500,340,PRISM-ARMOR
NECROZMA-DUSK,38,4600,340,PRISM-ARMOR
NECROZMA-ULTRA,75,2300,339,NEUROFORCE
NICKIT,6,89,49,"RUN-AWAY,UNBURDEN,STAKEOUT"
NIDOKING,14,620,253,"POISON-POINT,RIVALRY,SHEER-FORCE"
NIDOQUEEN,13,600,253,"POISON-POINT,RIVALRY,SHEER-FORCE"
NIDORAN-F,4,70,55,"POISON-POINT,RIVALRY,HUSTLE"
NIDORAN-M,5,90,55,"POISON-POINT,RIVALRY,HUSTLE"
NIDORINA,8,200,128,"POISON-POINT,RIVALRY,HUSTLE"
NIDORINO,9,195,128,"POISON-POINT,RIVALRY,HUSTLE"
NIHILEGO,12,555,285,BEAST-BOOST
NINCADA,5,55,53,"COMPOUND-EYES,RUN-AWAY"
NINETALES,11,199,177,"FLASH-FIRE,DROUGHT"
NINETALES-ALOLA,11,199,177,"SNOW-CLOAK,SNOW-WARNING"
NINJASK,8,120,160,"SPEED-BOOST,INFILTRATOR"
NOCTOWL,16,408,158,"INSOMNIA,KEEN-EYE,TINTED-LENS"
NOIBAT,5,80,49,"FRISK,INFILTRATOR,TELEPATHY"
NOIVERN,15,850,187,"FRISK,INFILTRATOR,TELEPATHY"
NOSEPASS,10,970,75,"STURDY,MAGNET-PULL,SAND-FORCE"
NUMEL,7,240,61,"OBLIVIOUS,SIMPLE,OWN-TEMPO"
NUZLEAF,10,280,119,"CHLOROPHYLL,EARLY-BIRD,PICKPOCKET"
NYMBLE,2,10,42,"SWARM,TINTED-LENS"
OBSTAGOON,16,460,260,"RECKLESS,GUTS,DEFIANT"
OCTILLERY,9,285,168,"SUCTION-CUPS,SNIPER,MOODY"
ODDISH,5,54,64,"CHLOROPHYLL,RUN-AWAY"
OGERPON,12,398,275,DEFIANT
OGERPON-CORNERSTONE-MASK,12,398,,STURDY
OGERPON-HEARTHFLAME-MASK,12,398,,MOLD-BREAKER
OGERPON-WELLSPRING-MASK,12,398,,WATER-ABSORB
OINKOLOGNE,10,1200,171,"LINGERING-AROMA,GLUTTONY,THICK-FAT"
OINKOLOGNE-FEMALE,10,1200,,"AROMA-VEIL,GLUTTONY,THICK-FAT"
OKIDOGI,18,922,278,"TOXIC-CHAIN,GUARD-DOG"
OMANYTE,4,75,71,"SWIFT-SWIM,SHELL-ARMOR,WEAK-ARMOR"
OMASTAR,10,350,173,"SWIFT-SWIM,SHELL-ARMOR,WEAK-ARMOR"
ONIX,88,2100,77,"ROCK-HEAD,STURDY,WEAK-ARMOR"
ORANGURU,15,760,172,"INNER-FOCUS,TELEPATHY,SYMBIOSIS"
ORBEETLE,4,408,253,"SWARM,FRISK,TELEPATHY"
ORBEETLE-GMAX,140,10000,253,"SWARM,FRISK,TELEPATHY"
ORICORIO-BAILE,6,34,167,DANCER
ORICORIO-PAU,6,34,167,DANCER
ORICORIO-POM-POM,6,34,167,DANCER
ORICORIO-SENSU,6,34,167,DANCER
ORTHWORM,25,3100,240,"EARTH-EATER,SAND-VEIL"
OSHAWOTT,5,59,62,"TORRENT,SHELL-ARMOR"
OVERQWIL,25,605,179,"POISON-POINT,SWIFT-SWIM,INTIMIDATE"
PACHIRISU,4,39,142,"RUN-AWAY,PICKUP,VOLT-ABSORB"
PALAFIN,13,602,160,"ZERO-TO-HERO,ZERO-TO-HERO"
PALAFIN-HERO,18,974,,"ZERO-TO-HERO,ZERO-TO-HERO"
PALKIA,42,3360,340,"PRESSURE,TELEPATHY"
PALKIA-ORIGIN,63,6590,,"PRESSURE,TELEPATHY"
PALOSSAND,13,2500,168,"WATER-COMPACTION,SAND-VEIL"
PALPITOAD,8,170,134,"SWIFT-SWIM,HYDRATION,WATER-ABSORB"
PANCHAM,6,80,70,"IRON-FIST,MOLD-BREAKER,SCRAPPY"
PANGORO,21,1360,173,"IRON-FIST,MOLD-BREAKER,SCRAPPY"
PANPOUR,6,135,63,"GLUTTONY,TORRENT"
PANSAGE,6,105,63,"GLUTTONY,OVERGROW"
PANSEAR,6,110,63,"GLUTTONY,BLAZE"
PARAS,3,54,57,"EFFECT-SPORE,DRY-SKIN,DAMP"
PARASECT,10,295,142,"EFFECT-SPORE,DRY-SKIN,DAMP"
PASSIMIAN,20,828,172,"RECEIVER,DEFIANT"
PATRAT,5,116,51,"RUN-AWAY,KEEN-EYE,ANALYTIC"
PAWMI,3,25,48,"STATIC,NATURAL-CURE,IRON-FIST"
PAWMO,4,65,123,"VOLT-ABSORB,NATURAL-CURE,IRON-FIST"
PAWMOT,9,410,245,"VOLT-ABSORB,NATURAL-CURE,IRON-FIST"
PAWNIARD,5,102,68,"DEFIANT,INNER-FOCUS,PRESSURE"
PECHARUNT,3,3,300,POISON-PUPPETEER
PELIPPER,12,280,154,"KEEN-EYE,DRIZZLE,RAIN-DISH"
PERRSERKER,8,280,154,"BATTLE-ARMOR,TOUGH-CLAWS,STEELY-SPIRIT"
PERSIAN,10,320,154,"LIMBER,TECHNICIAN,UNNERVE"
PERSIAN-ALOLA,11,330,154,"FUR-COAT,TECHNICIAN,RATTLED"
PETILIL,5,66,56,"CHLOROPHYLL,OWN-TEMPO,LEAF-GUARD"
PHANPY,5,335,66,"PICKUP,SAND-VEIL"
PHANTUMP,4,70,62,"NATURAL-CURE,FRISK,HARVEST"
PHEROMOSA,18,250,285,BEAST-BOOST
PHIONE,4,31,216,HYDRATION
PICHU,3,20,41,"STATIC,LIGHTNING-ROD"
PIDGEOT,15,395,216,"KEEN-EYE,TANGLED-FEET,BIG-PECKS"
PIDGEOT-MEGA,22,505,261,NO-GUARD
PIDGEOTTO,11,300,122,"KEEN-EYE,TANGLED-FEET,BIG-PECKS"
PIDGEY,3,18,50,"KEEN-EYE,TANGLED-FEET,BIG-PECKS"
PIDOVE,3,21,53,"BIG-PECKS,SUPER-LUCK,RIVALRY"
PIGNITE,10,555,146,"BLAZE,THICK-FAT"
PIKACHU,4,60,112,"STATIC,LIGHTNING-ROD"
PIKACHU-ALOLA-CAP,4,60,112,"STATIC,LIGHTNING-ROD"
PIKACHU-BELLE,4,60,112,"STATIC,LIGHTNING-ROD"
PIKACHU-COSPLAY,4,60,112,"STATIC,LIGHTNING-ROD"
PIKACHU-GMAX,210,10000,112,"STATIC,LIGHTNING-ROD"
PIKACHU-HOENN-CAP,4,60,112,"STATIC,LIGHTNING-ROD"
PIKACHU-KALOS-CAP,4,60,112,"STATIC,LIGHTNING-ROD"
PIKACHU-LIBRE,4,60,112,"STATIC,LIGHTNING-ROD"
PIKACHU-ORIGINAL-CAP,4,60,112,"STATIC,LIGHTNING-ROD"
PIKACHU-PARTNER-CAP,4,60,112,"STATIC,LIGHTNING-ROD"
PIKACHU-PHD,4,60,112,"STATIC,LIGHTNING-ROD"
PIKACHU-POP-STAR,4,60,112,"STATIC,LIGHTNING-ROD"
PIKACHU-ROCK-STAR,4,60,112,"STATIC,LIGHTNING-ROD"
PIKACHU-SINNOH-CAP,4,60,112,"STATIC,LIGHTNING-ROD"
PIKACHU-STARTER,4,60,86,"STATIC,LIGHTNING-ROD"
PIKACHU-UNOVA-CAP,4,60,112,"STATIC,LIGHTNING-ROD"
PIKACHU-WORLD-CAP,4,60,112,"STATIC,LIGHTNING-ROD"
PIKIPEK,3,12,53,"KEEN-EYE,SKILL-LINK,PICKUP"
PILOSWINE,11,558,158,"OBLIVIOUS,SNOW-CLOAK,THICK-FAT"
PINCURCHIN,3,10,152,"LIGHTNING-ROD,ELECTRIC-SURGE"
PINECO,6,72,58,"STURDY,OVERCOAT"
PINSIR,15,550,175,"HYPER-CUTTER,MOLD-BREAKER,MOXIE"
PINSIR-MEGA,17,590,210,AERILATE
PIPLUP,4,52,63,"TORRENT,COMPETITIVE"
PLUSLE,4,42,142,"PLUS,LIGHTNING-ROD"
POIPOLE,6,18,210,BEAST-BOOST
POLITOED,11,339,250,"WATER-ABSORB,DAMP,DRIZZLE"
POLIWAG,6,124,60,"WATER-ABSORB,DAMP,SWIFT-SWIM"
POLIWHIRL,10,200,135,"WATER-ABSORB,DAMP,SWIFT-SWIM"
POLIWRATH,13,540,255,"WATER-ABSORB,DAMP,SWIFT-SWIM"
POLTCHAGEIST,1,11,62,"HOSPITALITY,HEATPROOF"
POLTEAGEIST,2,4,178,"WEAK-ARMOR,CURSED-BODY"
PONYTA,10,300,82,"RUN-AWAY,FLASH-FIRE,FLAME-BODY"
PONYTA-GALAR,8,240,82,"RUN-AWAY,PASTEL-VEIL,ANTICIPATION"
POOCHYENA,5,136,56,"RUN-AWAY,QUICK-FEET,RATTLED"
POPPLIO,4,75,64,"TORRENT,LIQUID-VOICE"
PORYGON,8,365,79,"TRACE,DOWNLOAD,ANALYTIC"
PORYGON-Z,9,340,268,"ADAPTABILITY,DOWNLOAD,ANALYTIC"
PORYGON2,6,325,180,"TRACE,DOWNLOAD,ANALYTIC"
PRIMARINA,18,440,265,"TORRENT,LIQUID-VOICE"
PRIMEAPE,10,320,159,"VITAL-SPIRIT,ANGER-POINT,DEFIANT"
PRINPLUP,8,230,142,"TORRENT,COMPETITIVE"
PROBOPASS,14,3400,184,"STURDY,MAGNET-PULL,SAND-FORCE"
PSYDUCK,8,196,64,"DAMP,CLOUD-NINE,SWIFT-SWIM"
PUMPKABOO-AVERAGE,4,50,67,"PICKUP,FRISK,INSOMNIA"
PUMPKABOO-LARGE,5,75,67,"PICKUP,FRISK,INSOMNIA"
PUMPKABOO-SMALL,3,35,67,"PICKUP,FRISK,INSOMNIA"
PUMPKABOO-SUPER,8,150,67,"PICKUP,FRISK,INSOMNIA"
PUPITAR,12,1520,144,SHED-SKIN
PURRLOIN,4,101,56,"LIMBER,UNBURDEN,PRANKSTER"
PURUGLY,10,438,158,"THICK-FAT,OWN-TEMPO,DEFIANT"
PYROAR,15,815,177,"RIVALRY,UNNERVE,MOXIE"
PYUKUMUKU,3,12,144,"INNARDS-OUT,UNAWARE"
QUAGSIRE,14,750,151,"DAMP,WATER-ABSORB,UNAWARE"
QUAQUAVAL,18,619,265,"TORRENT,MOXIE"
QUAXLY,5,61,62,"TORRENT,MOXIE"
QUAXWELL,12,215,144,"TORRENT,MOXIE"
QUILAVA,9,190,142,"BLAZE,FLASH-FIRE"
QUILLADIN,7,290,142,"OVERGROW,BULLETPROOF"
QWILFISH,5,39,88,"POISON-POINT,SWIFT-SWIM,INTIMIDATE"
QWILFISH-HISUI,5,39,,"POISON-POINT,SWIFT-SWIM,INTIMIDATE"
RABOOT,6,90,147,"BLAZE,LIBERO"
RABSCA,3,35,165,"SYNCHRONIZE,TELEPATHY"
RAGING-BOLT,52,4800,295,PROTOSYNTHESIS
RAICHU,8,300,243,"STATIC,LIGHTNING-ROD"
RAICHU-ALOLA,7,210,243,SURGE-SURFER
RAIKOU,19,1780,290,"PRESSURE,INNER-FOCUS"
RALTS,4,66,40,"SYNCHRONIZE,TRACE,TELEPATHY"
RAMPARDOS,16,1025,173,"MOLD-BREAKER,SHEER-FORCE"
RAPIDASH,17,950,175,"RUN-AWAY,FLASH-FIRE,FLAME-BODY"
RAPIDASH-GALAR,17,800,175,"RUN-AWAY,PASTEL-VEIL,ANTICIPATION"
RATICATE,7,185,145,"RUN-AWAY,GUTS,HUSTLE"
RATICATE-ALOLA,7,255,145,"GLUTTONY,HUSTLE,THICK-FAT"
RATICATE-TOTEM-ALOLA,14,1050,145,"GLUTTONY,HUSTLE,THICK-FAT"
RATTATA,3,35,51,"RUN-AWAY,GUTS,HUSTLE"
RATTATA-ALOLA,3,38,51,"GLUTTONY,HUSTLE,THICK-FAT"
RAYQUAZA,70,2065,340,AIR-LOCK
RAYQUAZA-MEGA,108,3920,351,DELTA-STREAM
REGICE,18,1750,290,"CLEAR-BODY,ICE-BODY"
REGIDRAGO,21,2000,290,DRAGONS-MAW
REGIELEKI,12,1450,290,TRANSISTOR
REGIGIGAS,37,4200,335,SLOW-START
REGIROCK,17,2300,290,"CLEAR-BODY,STURDY"
REGISTEEL,19,2050,290,"CLEAR-BODY,LIGHT-METAL"
RELICANTH,10,234,170,"SWIFT-SWIM,ROCK-HEAD,STURDY"
RELLOR,2,10,54,"COMPOUND-EYES,SHED-SKIN"
REMORAID,6,120,60,"HUSTLE,SNIPER,MOODY"
RESHIRAM,32,3300,340,TURBOBLAZE
REUNICLUS,10,201,245,"OVERCOAT,MAGIC-GUARD,REGENERATOR"
REVAVROOM,18,1200,175,"OVERCOAT,FILTER"
RHYDON,19,1200,170,"LIGHTNING-ROD,ROCK-HEAD,RECKLESS"
RHYHORN,10,1150,69,"LIGHTNING-ROD,ROCK-HEAD,RECKLESS"
RHYPERIOR,24,2828,268,"LIGHTNING-ROD,SOLID-ROCK,RECKLESS"
RIBOMBEE,2,5,162,"HONEY-GATHER,SHIELD-DUST,SWEET-VEIL"
RIBOMBEE-TOTEM,4,20,162,"HONEY-GATHER,SHIELD-DUST,SWEET-VEIL"
RILLABOOM,21,900,265,"OVERGROW,GRASSY-SURGE"
RILLABOOM-GMAX,280,10000,265,"OVERGROW,GRASSY-SURGE"
RIOLU,7,202,57,"STEADFAST,INNER-FOCUS,PRANKSTER"
ROARING-MOON,20,3800,295,"PROTOSYNTHESIS,PROTOSYNTHESIS"
ROCKRUFF,5,92,56,"KEEN-EYE,VITAL-SPIRIT,STEADFAST"
ROCKRUFF-OWN-TEMPO,5,92,56,OWN-TEMPO
ROGGENROLA,4,180,56,"STURDY,WEAK-ARMOR,SAND-FORCE"
ROLYCOLY,3,120,48,"STEAM-ENGINE,HEATPROOF,FLASH-FIRE"
ROOKIDEE,2,18,49,"KEEN-EYE,UNNERVE,BIG-PECKS"
ROSELIA,3,20,140,"NATURAL-CURE,POISON-POINT,LEAF-GUARD"
ROSERADE,9,145,258,"NATURAL-CURE,POISON-POINT,TECHNICIAN"
ROTOM,3,3,154,LEVITATE
ROTOM-FAN,3,3,182,LEVITATE
ROTOM-FROST,3,3,182,LEVITATE
ROTOM-HEAT,3,3,182,LEVITATE
ROTOM-MOW,3,3,182,LEVITATE
ROTOM-WASH,3,3,182,LEVITATE
ROWLET,3,15,64,"OVERGROW,LONG-REACH"
RUFFLET,5,105,70,"KEEN-EYE,SHEER-FORCE,HUSTLE"
RUNERIGUS,16,666,169,WANDERING-SPIRIT
SABLEYE,5,110,133,"KEEN-EYE,STALL,PRANKSTER"
SABLEYE-MEGA,5,1610,168,MAGIC-BOUNCE
SALAMENCE,15,1026,300,"INTIMIDATE,MOXIE"
SALAMENCE-MEGA,18,1126,315,AERILATE
SALANDIT,6,48,64,"CORROSION,OBLIVIOUS"
SALAZZLE,12,222,168,"CORROSION,OBLIVIOUS"
SALAZZLE-TOTEM,21,810,168,"CORROSION,OBLIVIOUS"
SAMUROTT,15,946,238,"TORRENT,SHELL-ARMOR"
SAMUROTT-HISUI,15,582,,"TORRENT,SHARPNESS"
SANDACONDA,38,655,179,"SAND-SPIT,SHED-SKIN,SAND-VEIL"
SANDACONDA-GMAX,220,10000,179,"SAND-SPIT,SHED-SKIN,SAND-VEIL"
SANDILE,7,152,58,"INTIMIDATE,MOXIE,ANGER-POINT"
SANDSHREW,6,120,60,"SAND-VEIL,SAND-RUSH"
SANDSHREW-ALOLA,7,400,60,"SNOW-CLOAK,SLUSH-RUSH"
SANDSLASH,10,295,158,"SAND-VEIL,SAND-RUSH"
SANDSLASH-ALOLA,12,550,158,"SNOW-CLOAK,SLUSH-RUSH"
SANDY-SHOCKS,23,600,285,"PROTOSYNTHESIS,PROTOSYNTHESIS"
SANDYGAST,5,700,64,"WATER-COMPACTION,SAND-VEIL"
SAWK,14,510,163,"STURDY,INNER-FOCUS,MOLD-BREAKER"
SAWSBUCK,19,925,166,"CHLOROPHYLL,SAP-SIPPER,SERENE-GRACE"
SCATTERBUG,3,25,40,"SHIELD-DUST,COMPOUND-EYES,FRIEND-GUARD"
SCEPTILE,17,522,265,"OVERGROW,UNBURDEN"
SCEPTILE-MEGA,19,552,284,LIGHTNING-ROD
SCIZOR,18,1180,175,"SWARM,TECHNICIAN,LIGHT-METAL"
SCIZOR-MEGA,20,1250,210,TECHNICIAN
SCOLIPEDE,25,2005,243,"POISON-POINT,SWARM,SPEED-BOOST"
SCORBUNNY,3,45,62,"BLAZE,LIBERO"
SCOVILLAIN,9,150,170,"CHLOROPHYLL,INSOMNIA,MOODY"
SCRAFTY,11,300,171,"SHED-SKIN,MOXIE,INTIMIDATE"
SCRAGGY,6,118,70,"SHED-SKIN,MOXIE,INTIMIDATE"
SCREAM-TAIL,12,80,285,"PROTOSYNTHESIS,PROTOSYNTHESIS"
SCYTHER,15,560,100,"SWARM,TECHNICIAN,STEADFAST"
SEADRA,12,250,154,"POISON-POINT,SNIPER,DAMP"
SEAKING,13,390,158,"SWIFT-SWIM,WATER-VEIL,LIGHTNING-ROD"
SEALEO,11,876,144,"THICK-FAT,ICE-BODY,OBLIVIOUS"
SEEDOT,5,40,44,"CHLOROPHYLL,EARLY-BIRD,PICKPOCKET"
SEEL,11,900,65,"THICK-FAT,HYDRATION,ICE-BODY"
SEISMITOAD,15,620,255,"SWIFT-SWIM,POISON-TOUCH,WATER-ABSORB"
SENTRET,8,60,43,"RUN-AWAY,KEEN-EYE,FRISK"
SERPERIOR,33,630,238,"OVERGROW,CONTRARY"
SERVINE,8,160,145,"OVERGROW,CONTRARY"
SEVIPER,27,525,160,"SHED-SKIN,INFILTRATOR"
SEWADDLE,3,25,62,"SWARM,CHLOROPHYLL,OVERCOAT"
SHARPEDO,18,888,161,"ROUGH-SKIN,SPEED-BOOST"
SHARPEDO-MEGA,25,1303,196,STRONG-JAW
SHAYMIN-LAND,2,21,270,NATURAL-CURE
SHAYMIN-SKY,4,52,270,SERENE-GRACE
SHEDINJA,8,12,83,WONDER-GUARD
SHELGON,11,1105,147,"ROCK-HEAD,OVERCOAT"
SHELLDER,3,40,61,"SHELL-ARMOR,SKILL-LINK,OVERCOAT"
SHELLOS,3,63,65,"STICKY-HOLD,STORM-DRAIN,SAND-FORCE"
SHELMET,4,77,61,"HYDRATION,SHELL-ARMOR,OVERCOAT"
SHIELDON,5,570,70,"STURDY,SOUNDPROOF"
SHIFTRY,13,596,240,"CHLOROPHYLL,WIND-RIDER,PICKPOCKET"
SHIINOTIC,10,115,142,"ILLUMINATE,EFFECT-SPORE,RAIN-DISH"
SHINX,5,95,53,"RIVALRY,INTIMIDATE,GUTS"
SHROODLE,2,7,58,"UNBURDEN,PICKPOCKET,PRANKSTER"
SHROOMISH,4,45,59,"EFFECT-SPORE,POISON-HEAL,QUICK-FEET"
SHUCKLE,6,205,177,"STURDY,GLUTTONY,CONTRARY"
SHUPPET,6,23,59,"INSOMNIA,FRISK,CURSED-BODY"
SIGILYPH,14,140,172,"WONDER-SKIN,MAGIC-GUARD,TINTED-LENS"
SILCOON,6,100,72,SHED-SKIN
SILICOBRA,22,76,63,"SAND-SPIT,SHED-SKIN,SAND-VEIL"
SILVALLY,23,1005,285,RKS-SYSTEM
SIMIPOUR,10,290,174,"GLUTTONY,TORRENT"
SIMISAGE,11,305,174,"GLUTTONY,OVERGROW"
SIMISEAR,10,280,174,"GLUTTONY,BLAZE"
SINISTCHA,2,22,178,"HOSPITALITY,HEATPROOF"
SINISTEA,1,2,62,"WEAK-ARMOR,CURSED-BODY"
SIRFETCHD,8,1170,177,"STEADFAST,SCRAPPY"
SIZZLIPEDE,7,10,61,"FLASH-FIRE,WHITE-SMOKE,FLAME-BODY"
SKARMORY,17,505,163,"KEEN-EYE,STURDY,WEAK-ARMOR"
SKELEDIRGE,16,3265,265,"BLAZE,UNAWARE"
SKIDDO,9,310,70,"SAP-SIPPER,GRASS-PELT"
SKIPLOOM,6,10,119,"CHLOROPHYLL,LEAF-GUARD,INFILTRATOR"
SKITTY,6,110,52,"CUTE-CHARM,NORMALIZE,WONDER-SKIN"
SKORUPI,8,120,66,"BATTLE-ARMOR,SNIPER,KEEN-EYE"
SKRELP,5,73,64,"POISON-POINT,POISON-TOUCH,ADAPTABILITY"
SKUNTANK,10,380,168,"STENCH,AFTERMATH,KEEN-EYE"
SKWOVET,3,25,55,"CHEEK-POUCH,GLUTTONY"
SLAKING,20,1305,252,TRUANT
SLAKOTH,8,240,56,TRUANT
SLIGGOO,8,175,158,"SAP-SIPPER,HYDRATION,GOOEY"
SLIGGOO-HISUI,7,685,,"SAP-SIPPER,SHELL-ARMOR,GOOEY"
SLITHER-WING,32,920,285,"PROTOSYNTHESIS,PROTOSYNTHESIS"
SLOWBRO,16,785,172,"OBLIVIOUS,OWN-TEMPO,REGENERATOR"
SLOWBRO-GALAR,16,705,172,"QUICK-DRAW,OWN-TEMPO,REGENERATOR"
SLOWBRO-MEGA,20,1200,207,SHELL-ARMOR
SLOWKING,20,795,172,"OBLIVIOUS,OWN-TEMPO,REGENERATOR"
SLOWKING-GALAR,18,795,172,"CURIOUS-MEDICINE,OWN-TEMPO,REGENERATOR"
SLOWPOKE,12,360,63,"OBLIVIOUS,OWN-TEMPO,REGENERATOR"
SLOWPOKE-GALAR,12,360,63,"GLUTTONY,OWN-TEMPO,REGENERATOR"
SLUGMA,7,350,50,"MAGMA-ARMOR,FLAME-BODY,WEAK-ARMOR"
SLURPUFF,8,50,168,"SWEET-VEIL,UNBURDEN"
SMEARGLE,12,580,88,"OWN-TEMPO,TECHNICIAN,MOODY"
SMOLIV,3,65,52,"EARLY-BIRD,HARVEST"
SMOOCHUM,4,60,61,"OBLIVIOUS,FOREWARN,HYDRATION"
SNEASEL,9,280,86,"INNER-FOCUS,KEEN-EYE,PICKPOCKET"
SNEASEL-HISUI,9,270,,"INNER-FOCUS,KEEN-EYE,PICKPOCKET"
SNEASLER,13,430,102,"PRESSURE,UNBURDEN,POISON-TOUCH"
SNIVY,6,81,62,"OVERGROW,CONTRARY"
SNOM,3,38,37,"SHIELD-DUST,ICE-SCALES"
SNORLAX,21,4600,189,"IMMUNITY,THICK-FAT,GLUTTONY"
SNORLAX-GMAX,350,10000,189,"IMMUNITY,THICK-FAT,GLUTTONY"
SNORUNT,7,168,60,"INNER-FOCUS,ICE-BODY,MOODY"
SNOVER,10,505,67,"SNOW-WARNING,SOUNDPROOF"
SNUBBULL,6,78,60,"INTIMIDATE,RUN-AWAY,RATTLED"
SOBBLE,3,40,62,"TORRENT,SNIPER"
SOLGALEO,34,2300,340,FULL-METAL-BODY
SOLOSIS,3,10,58,"OVERCOAT,MAGIC-GUARD,REGENERATOR"
SOLROCK,12,1540,161,LEVITATE
SPEAROW,3,20,52,"KEEN-EYE,SNIPER"
SPECTRIER,20,445,290,GRIM-NEIGH
SPEWPA,3,84,75,"SHED-SKIN,FRIEND-GUARD"
SPHEAL,8,395,58,"THICK-FAT,ICE-BODY,OBLIVIOUS"
SPIDOPS,10,165,141,"INSOMNIA,STAKEOUT"
SPINARAK,5,85,50,"SWARM,INSOMNIA,SNIPER"
SPINDA,11,50,126,"OWN-TEMPO,TANGLED-FEET,CONTRARY"
SPIRITOMB,10,1080,170,"PRESSURE,INFILTRATOR"
SPOINK,7,306,66,"THICK-FAT,OWN-TEMPO,GLUTTONY"
SPRIGATITO,4,41,62,"OVERGROW,PROTEAN"
SPRITZEE,2,5,68,"HEALER,AROMA-VEIL"
SQUAWKABILLY,6,24,146,"INTIMIDATE,HUSTLE,GUTS"
SQUAWKABILLY-BLUE-PLUMAGE,6,24,,"INTIMIDATE,HUSTLE,GUTS"
SQUAWKABILLY-WHITE-PLUMAGE,6,24,,"INTIMIDATE,HUSTLE,SHEER-FORCE"
SQUAWKABILLY-YELLOW-PLUMAGE,6,24,,"INTIMIDATE,HUSTLE,SHEER-FORCE"
SQUIRTLE,5,90,63,"TORRENT,RAIN-DISH"
STAKATAKA,55,8200,285,BEAST-BOOST
STANTLER,14,712,163,"INTIMIDATE,FRISK,SAP-SIPPER"
STARAPTOR,12,249,218,"INTIMIDATE,RECKLESS"
STARAVIA,6,155,119,"INTIMIDATE,RECKLESS"
STARLY,3,20,49,"KEEN-EYE,RECKLESS"
STARMIE,11,800,182,"ILLUMINATE,NATURAL-CURE,ANALYTIC"
STARYU,8,345,68,"ILLUMINATE,NATURAL-CURE,ANALYTIC"
STEELIX,92,4000,179,"ROCK-HEAD,STURDY,SHEER-FORCE"
STEELIX-MEGA,105,7400,214,SAND-FORCE
STEENEE,7,82,102,"LEAF-GUARD,OBLIVIOUS,SWEET-VEIL"
STONJOURNER,25,5200,165,POWER-SPOT
STOUTLAND,12,610,250,"INTIMIDATE,SAND-RUSH,SCRAPPY"
STUFFUL,5,68,68,"FLUFFY,KLUTZ,CUTE-CHARM"
STUNFISK,7,110,165,"STATIC,LIMBER,SAND-VEIL"
STUNFISK-GALAR,7,205,165,MIMICRY
STUNKY,4,192,66,"STENCH,AFTERMATH,KEEN-EYE"
SUDOWOODO,12,380,144,"STURDY,ROCK-HEAD,RATTLED"
SUICUNE,20,1870,290,"PRESSURE,INNER-FOCUS"
SUNFLORA,8,85,149,"CHLOROPHYLL,SOLAR-POWER,EARLY-BIRD"
SUNKERN,3,18,36,"CHLOROPHYLL,SOLAR-POWER,EARLY-BIRD"
SURSKIT,5,17,54,"SWIFT-SWIM,RAIN-DISH"
SWABLU,4,12,62,"NATURAL-CURE,CLOUD-NINE"
SWADLOON,5,73,133,"LEAF-GUARD,CHLOROPHYLL,OVERCOAT"
SWALOT,17,800,163,"LIQUID-OOZE,STICKY-HOLD,GLUTTONY"
SWAMPERT,15,819,268,"TORRENT,DAMP"
SWAMPERT-MEGA,19,1020,286,SWIFT-SWIM
SWANNA,13,242,166,"KEEN-EYE,BIG-PECKS,HYDRATION"
SWELLOW,7,198,159,"GUTS,SCRAPPY"
SWINUB,4,65,50,"OBLIVIOUS,SNOW-CLOAK,THICK-FAT"
SWIRLIX,4,35,68,"SWEET-VEIL,UNBURDEN"
SWOOBAT,9,105,149,"UNAWARE,KLUTZ,SIMPLE"
SYLVEON,10,235,184,"CUTE-CHARM,PIXILATE"
TADBULB,3,4,54,"OWN-TEMPO,STATIC,DAMP"
TAILLOW,3,23,54,"GUTS,SCRAPPY"
TALONFLAME,12,245,175,"FLAME-BODY,GALE-WINGS"
TANDEMAUS,3,18,61,"RUN-AWAY,PICKUP,OWN-TEMPO"
TANGELA,10,350,87,"CHLOROPHYLL,LEAF-GUARD,REGENERATOR"
TANGROWTH,20,1286,187,"CHLOROPHYLL,LEAF-GUARD,REGENERATOR"
TAPU-BULU,19,455,285,"GRASSY-SURGE,TELEPATHY"
TAPU-FINI,13,212,285,"MISTY-SURGE,TELEPATHY"
TAPU-KOKO,18,205,285,"ELECTRIC-SURGE,TELEPATHY"
TAPU-LELE,12,186,285,"PSYCHIC-SURGE,TELEPATHY"
TAROUNTULA,3,40,42,"INSOMNIA,STAKEOUT"
TATSUGIRI,3,80,166,"COMMANDER,STORM-DRAIN"
TATSUGIRI-DROOPY,3,80,,"COMMANDER,STORM-DRAIN"
TATSUGIRI-STRETCHY,3,80,,"COMMANDER,STORM-DRAIN"
TAUROS,14,884,172,"INTIMIDATE,ANGER-POINT,SHEER-FORCE"
TAUROS-PALDEA-AQUA-BREED,14,1100,,"INTIMIDATE,ANGER-POINT,CUD-CHEW"
TAUROS-PALDEA-BLAZE-BREED,14,850,,"INTIMIDATE,ANGER-POINT,CUD-CHEW"
TAUROS-PALDEA-COMBAT-BREED,14,1150,,"INTIMIDATE,ANGER-POINT,CUD-CHEW"
TEDDIURSA,6,88,66,"PICKUP,QUICK-FEET,HONEY-GATHER"
TENTACOOL,9,455,67,"CLEAR-BODY,LIQUID-OOZE,RAIN-DISH"
TENTACRUEL,16,550,180,"CLEAR-BODY,LIQUID-OOZE,RAIN-DISH"
TEPIG,5,99,62,"BLAZE,THICK-FAT"
TERAPAGOS,2,65,90,TERA-SHIFT
TERAPAGOS-STELLAR,17,770,,TERAFORM-ZERO
TERAPAGOS-TERASTAL,3,160,,TERA-SHELL
TERRAKION,19,2600,290,JUSTIFIED
THIEVUL,12,199,159,"RUN-AWAY,UNBURDEN,STAKEOUT"
THROH,13,555,163,"GUTS,INNER-FOCUS,MOLD-BREAKER"
THUNDURUS-INCARNATE,15,610,290,"PRANKSTER,DEFIANT"
THUNDURUS-THERIAN,30,610,290,VOLT-ABSORB
THWACKEY,7,140,147,"OVERGROW,GRASSY-SURGE"
TIMBURR,6,125,61,"GUTS,SHEER-FORCE,IRON-FIST"
TING-LU,27,6997,285,"VESSEL-OF-RUIN,VESSEL-OF-RUIN"
TINKATINK,4,89,59,"MOLD-BREAKER,OWN-TEMPO,PICKPOCKET"
TINKATON,7,1128,253,"MOLD-BREAKER,OWN-TEMPO,PICKPOCKET"
TINKATUFF,7,591,133,"MOLD-BREAKER,OWN-TEMPO,PICKPOCKET"
TIRTOUGA,7,165,71,"SOLID-ROCK,STURDY,SWIFT-SWIM"
TOEDSCOOL,9,330,67,"MYCELIUM-MIGHT,MYCELIUM-MIGHT"
TOEDSCRUEL,19,580,180,"MYCELIUM-MIGHT,MYCELIUM-MIGHT"
TOGEDEMARU,3,33,152,"IRON-BARBS,LIGHTNING-ROD,STURDY"
TOGEDEMARU-TOTEM,6,130,152,"IRON-BARBS,LIGHTNING-ROD,STURDY"
TOGEKISS,15,380,273,"HUSTLE,SERENE-GRACE,SUPER-LUCK"
TOGEPI,3,15,49,"HUSTLE,SERENE-GRACE,SUPER-LUCK"
TOGETIC,6,32,142,"HUSTLE,SERENE-GRACE,SUPER-LUCK"
TORCHIC,4,25,62,"BLAZE,SPEED-BOOST"
TORKOAL,5,804,165,"WHITE-SMOKE,DROUGHT,SHELL-ARMOR"
TORNADUS-INCARNATE,15,630,290,"PRANKSTER,DEFIANT"
TORNADUS-THERIAN,14,630,290,REGENERATOR
TORRACAT,7,250,147,"BLAZE,INTIMIDATE"
TORTERRA,22,3100,236,"OVERGROW,SHELL-ARMOR"
TOTODILE,6,95,63,"TORRENT,SHEER-FORCE"
TOUCANNON,11,260,218,"KEEN-EYE,SKILL-LINK,SHEER-FORCE"
TOXAPEX,7,145,173,"MERCILESS,LIMBER,REGENERATOR"
TOXEL,4,110,48,"RATTLED,STATIC,KLUTZ"
TOXICROAK,13,444,172,"ANTICIPATION,DRY-SKIN,POISON-TOUCH"
TOXTRICITY-AMPED,16,400,176,"PUNK-ROCK,PLUS,TECHNICIAN"
TOXTRICITY-AMPED-GMAX,240,10000,176,"PUNK-ROCK,PLUS,TECHNICIAN"
TOXTRICITY-LOW-KEY,16,400,176,"PUNK-ROCK,MINUS,TECHNICIAN"
TOXTRICITY-LOW-KEY-GMAX,240,10000,176,"PUNK-ROCK,MINUS,TECHNICIAN"
TRANQUILL,6,150,125,"BIG-PECKS,SUPER-LUCK,RIVALRY"
TRAPINCH,7,150,58,"HYPER-CUTTER,ARENA-TRAP,SHEER-FORCE"
TREECKO,5,50,62,"OVERGROW,UNBURDEN"
TREVENANT,15,710,166,"NATURAL-CURE,FRISK,HARVEST"
TROPIUS,20,1000,161,"CHLOROPHYLL,SOLAR-POWER,HARVEST"
TRUBBISH,6,310,66,"STENCH,STICKY-HOLD,AFTERMATH"
TRUMBEAK,6,148,124,"KEEN-EYE,SKILL-LINK,PICKUP"
TSAREENA,12,214,255,"LEAF-GUARD,QUEENLY-MAJESTY,SWEET-VEIL"
TURTONATOR,20,2120,170,SHELL-ARMOR
TURTWIG,4,102,64,"OVERGROW,SHELL-ARMOR"
TYMPOLE,5,45,59,"SWIFT-SWIM,HYDRATION,WATER-ABSORB"
TYNAMO,2,3,55,LEVITATE
TYPE-NULL,19,1205,107,BATTLE-ARMOR
TYPHLOSION,17,795,240,"BLAZE,FLASH-FIRE"
TYPHLOSION-HISUI,16,698,,"BLAZE,FRISK"
TYRANITAR,20,2020,300,"SAND-STREAM,UNNERVE"
TYRANITAR-MEGA,25,2550,315,SAND-STREAM
TYRANTRUM,25,2700,182,"STRONG-JAW,ROCK-HEAD"
TYROGUE,7,210,42,"GUTS,STEADFAST,VITAL-SPIRIT"
TYRUNT,8,260,72,"STRONG-JAW,STURDY"
UMBREON,10,270,184,"SYNCHRONIZE,INNER-FOCUS"
UNFEZANT,12,290,244,"BIG-PECKS,SUPER-LUCK,RIVALRY"
UNOWN,5,50,118,LEVITATE
URSALUNA,24,2900,275,"GUTS,BULLETPROOF,UNNERVE"
URSALUNA-BLOODMOON,24,2900,,MINDS-EYE
URSARING,18,1258,175,"GUTS,QUICK-FEET,UNNERVE"
URSHIFU-RAPID-STRIKE,19,1050,275,UNSEEN-FIST
URSHIFU-RAPID-STRIKE-GMAX,260,10000,275,UNSEEN-FIST
URSHIFU-SINGLE-STRIKE,19,1050,275,UNSEEN-FIST
URSHIFU-SINGLE-STRIKE-GMAX,290,10000,275,UNSEEN-FIST
UXIE,3,3,290,LEVITATE
VANILLISH,11,410,138,"ICE-BODY,SNOW-CLOAK,WEAK-ARMOR"
VANILLITE,4,57,61,"ICE-BODY,SNOW-CLOAK,WEAK-ARMOR"
VANILLUXE,13,575,268,"ICE-BODY,SNOW-WARNING,WEAK-ARMOR"
VAPOREON,10,290,184,"WATER-ABSORB,HYDRATION"
VAROOM,10,350,60,"OVERCOAT,SLOW-START"
VELUZA,25,900,167,"MOLD-BREAKER,SHARPNESS"
VENIPEDE,4,53,52,"POISON-POINT,SWARM,SPEED-BOOST"
VENOMOTH,15,125,158,"SHIELD-DUST,TINTED-LENS,WONDER-SKIN"
VENONAT,10,300,61,"COMPOUND-EYES,TINTED-LENS,RUN-AWAY"
VENUSAUR,20,1000,263,"OVERGROW,CHLOROPHYLL"
VENUSAUR-GMAX,240,10000,236,"OVERGROW,CHLOROPHYLL"
VENUSAUR-MEGA,24,1555,281,THICK-FAT
VESPIQUEN,12,385,166,"PRESSURE,UNNERVE"
VIBRAVA,11,153,119,LEVITATE
VICTINI,4,40,300,VICTORY-STAR
VICTREEBEL,17,155,221,"CHLOROPHYLL,GLUTTONY"
VIGOROTH,14,465,154,VITAL-SPIRIT
VIKAVOLT,15,450,250,LEVITATE
VIKAVOLT-TOTEM,26,1475,225,LEVITATE
VILEPLUME,12,186,245,"CHLOROPHYLL,EFFECT-SPORE"
VIRIZION,20,2000,290,JUSTIFIED
VIVILLON,12,170,185,"SHIELD-DUST,COMPOUND-EYES,FRIEND-GUARD"
VOLBEAT,7,177,151,"ILLUMINATE,SWARM,PRANKSTER"
VOLCANION,17,1950,300,WATER-ABSORB
VOLCARONA,16,460,275,"FLAME-BODY,SWARM"
VOLTORB,5,104,66,"SOUNDPROOF,STATIC,AFTERMATH"
VOLTORB-HISUI,5,130,,"SOUNDPROOF,STATIC,AFTERMATH"
VULLABY,5,90,74,"BIG-PECKS,OVERCOAT,WEAK-ARMOR"
VULPIX,6,99,60,"FLASH-FIRE,DROUGHT"
VULPIX-ALOLA,6,99,60,"SNOW-CLOAK,SNOW-WARNING"
WAILMER,20,1300,80,"WATER-VEIL,OBLIVIOUS,PRESSURE"
WAILORD,145,3980,175,"WATER-VEIL,OBLIVIOUS,PRESSURE"
WALKING-WAKE,35,2800,295,"PROTOSYNTHESIS,PROTOSYNTHESIS"
WALREIN,14,1506,265,"THICK-FAT,ICE-BODY,OBLIVIOUS"
WARTORTLE,10,225,142,"TORRENT,RAIN-DISH"
WATCHOG,11,270,147,"ILLUMINATE,KEEN-EYE,ANALYTIC"
WATTREL,4,36,56,"WIND-POWER,VOLT-ABSORB,COMPETITIVE"
WEAVILE,11,340,179,"PRESSURE,PICKPOCKET"
WEEDLE,3,32,39,"SHIELD-DUST,RUN-AWAY"
WEEPINBELL,10,64,137,"CHLOROPHYLL,GLUTTONY"
WEEZING,12,95,172,"LEVITATE,NEUTRALIZING-GAS,STENCH"
WEEZING-GALAR,30,160,172,"LEVITATE,NEUTRALIZING-GAS,MISTY-SURGE"
WHIMSICOTT,7,66,168,"PRANKSTER,INFILTRATOR,CHLOROPHYLL"
WHIRLIPEDE,12,585,126,"POISON-POINT,SWARM,SPEED-BOOST"
WHISCASH,9,236,164,"OBLIVIOUS,ANTICIPATION,HYDRATION"
WHISMUR,6,163,48,"SOUNDPROOF,RATTLED"
WIGGLYTUFF,10,120,218,"CUTE-CHARM,COMPETITIVE,FRISK"
WIGLETT,12,18,49,"GOOEY,RATTLED,SAND-VEIL"
WIMPOD,5,120,46,WIMP-OUT
WINGULL,6,95,54,"KEEN-EYE,HYDRATION,RAIN-DISH"
WISHIWASHI-SCHOOL,82,786,217,SCHOOLING
WISHIWASHI-SOLO,2,3,61,SCHOOLING
WO-CHIEN,15,742,285,"TABLETS-OF-RUIN,TABLETS-OF-RUIN"
WOBBUFFET,13,285,142,"SHADOW-TAG,TELEPATHY"
WOOBAT,4,21,65,"UNAWARE,KLUTZ,SIMPLE"
WOOLOO,6,60,122,"FLUFFY,RUN-AWAY,BULLETPROOF"
WOOPER,4,85,42,"DAMP,WATER-ABSORB,UNAWARE"
WOOPER-PALDEA,4,110,,"POISON-POINT,WATER-ABSORB,UNAWARE"
WORMADAM-PLANT,5,65,148,"ANTICIPATION,OVERCOAT"
WORMADAM-SANDY,5,65,148,"ANTICIPATION,OVERCOAT"
WORMADAM-TRASH,5,65,148,"ANTICIPATION,OVERCOAT"
WUGTRIO,12,54,149,"GOOEY,RATTLED,SAND-VEIL"
WURMPLE,3,36,56,"SHIELD-DUST,RUN-AWAY"
WYNAUT,6,140,52,"SHADOW-TAG,TELEPATHY"
WYRDEER,18,951,263,"INTIMIDATE,FRISK,SAP-SIPPER"
XATU,15,150,165,"SYNCHRONIZE,EARLY-BIRD,MAGIC-BOUNCE"
XERNEAS,30,2150,340,FAIRY-AURA
XURKITREE,38,1000,285,BEAST-BOOST
YAMASK,5,15,61,MUMMY
YAMASK-GALAR,5,15,61,WANDERING-SPIRIT
YAMPER,3,135,54,"BALL-FETCH,RATTLED"
YANMA,12,380,78,"SPEED-BOOST,COMPOUND-EYES,FRISK"
YANMEGA,19,515,180,"SPEED-BOOST,TINTED-LENS,FRISK"
YUNGOOS,4,60,51,"STAKEOUT,STRONG-JAW,ADAPTABILITY"
YVELTAL,58,2030,340,DARK-AURA
ZACIAN,28,1100,335,INTREPID-SWORD
ZACIAN-CROWNED,28,3550,360,INTREPID-SWORD
ZAMAZENTA,29,2100,335,DAUNTLESS-SHIELD
ZAMAZENTA-CROWNED,29,7850,360,DAUNTLESS-SHIELD
ZANGOOSE,13,403,160,"IMMUNITY,TOXIC-BOOST"
ZAPDOS,16,526,290,"PRESSURE,STATIC"
ZAPDOS-GALAR,16,582,290,DEFIANT
ZARUDE,18,700,300,LEAF-GUARD
ZARUDE-DADA,18,700,300,LEAF-GUARD
ZEBSTRIKA,16,795,174,"LIGHTNING-ROD,MOTOR-DRIVE,SAP-SIPPER"
ZEKROM,29,3450,340,TERAVOLT
ZERAORA,15,445,300,VOLT-ABSORB
ZIGZAGOON,4,175,56,"PICKUP,GLUTTONY,QUICK-FEET"
ZIGZAGOON-GALAR,4,175,56,"PICKUP,GLUTTONY,QUICK-FEET"
ZOROARK,16,811,179,ILLUSION
ZOROARK-HISUI,16,730,,ILLUSION
ZORUA,7,125,66,ILLUSION
ZORUA-HISUI,7,125,,ILLUSION
ZUBAT,8,75,49,"INNER-FOCUS,INFILTRATOR"
ZWEILOUS,14,500,147,HUSTLE
ZYGARDE-10,12,335,243,AURA-BREAK
ZYGARDE-10-POWER-CONSTRUCT,12,335,243,POWER-CONSTRUCT
ZYGARDE-50,50,3050,300,AURA-BREAK
ZYGARDE-50-POWER-CONSTRUCT,50,3050,300,POWER-CONSTRUCT
ZYGARDE-COMPLETE,45,6100,354,POWER-CONSTRUCT
